index,first_source_path,study,image_sha256,rows,columns,original_spine_axis_label,measured_angle_deg,official_limit_deg,measurer_says_fail,classifier_score,classifier_threshold,classifier_says_fail,selection_reason,expert_axis_is_measurable_here,expert_landsmarks_usable,expert_segment_used,expert_angle_deg,expert_defect_present,expert_defect_kind,expert_defect_kind_other,expert_label_agrees_with_original,expert_change_reason,expert_notes
13,2.25.102755089973625799055786462646268820450/series_002_2_CR/A2504257770 DXA/CR DXA/CR000001.dcm,2.25.102755089973625799055786462646268820450,dd972bae91d6de06d64bc3e0402212415b81e00a7d594a8401ff5d0ee75b7692,287,300,1,4.3303181412433025,5.0,False,0.40378787878787875,0.6605263157894736,False,labelled positive,,,,,,,,,,
16,2.25.102965897799404973225419898683246248872/series_001_2_CR/A250726353 DXA/CR DXA/CR000001.dcm,2.25.102965897799404973225419898683246248872,0360deed5046b19b50c5f8758b6ef99f92717fa6abc2420a147a5be527f92121,315,300,0,2.0616864685415055,5.0,False,0.8519607843137255,0.6605263157894736,True,measurer and classifier disagree,,,,,,,,,,
27,2.25.112621744005021908434051268014787122937/series_002_2_CR/A2504301685 DXA/CR DXA/CR000000.dcm,2.25.112621744005021908434051268014787122937,d70393b397fa6c1cfdfa4e99f813cddf1cd098974c18f0d4eb7b0020897844dc,291,300,0,5.060078010482898,5.0,True,0.5091666666666667,0.6605263157894736,False,measurer and classifier disagree,,,,,,,,,,
33,2.25.116822802042655971810859435524105064465/series_003_2_CR/A2507273296 DXA/CR DXA/CR000002.dcm,2.25.116822802042655971810859435524105064465,c2e7c2f9d0dd96a32b69119809053fd3cea98622808247cedc2d2b42eba2a14e,318,300,0,1.344377606297731,5.0,False,0.6974999999999999,0.6605263157894736,True,measurer and classifier disagree,,,,,,,,,,
38,2.25.124890633326693921702195356152595253940/series_002_2_CR/A2504263153 DXA/CR DXA/CR000000.dcm,2.25.124890633326693921702195356152595253940,785e026712f6d620615f140b539c20b61ede1e0271867b0e3e972d0ee5f41d38,289,300,0,1.6449617909672796,5.0,False,0.819607843137255,0.6605263157894736,True,measurer and classifier disagree,,,,,,,,,,
45,2.25.127126130998341190348103034690069487890/series_002_2_CR/A250428736 DXA/CR DXA/CR000000.dcm,2.25.127126130998341190348103034690069487890,befb36959905d91575f7082f050d6f0b447a68681f548e7404d3edb9843644e5,317,300,1,2.5867194172075454,5.0,False,0.26583333333333337,0.6605263157894736,False,labelled positive,,,,,,,,,,
50,2.25.128630285053087246379265602913470285158/series_003_2_CR/A2504394821 DXA/CR DXA/CR000000.dcm,2.25.128630285053087246379265602913470285158,623f0b8fe46c1239aefe723005f3633af73ccef4c1a319a29fee59ccfb70eda5,313,300,0,1.974711157088314,5.0,False,0.9087719298245612,0.7866666666666666,True,measurer and classifier disagree,,,,,,,,,,
64,2.25.13325817932854000792938662637654885530/series_002_2_CR/A2507365486 DXA/CR DXA/CR000000.dcm,2.25.13325817932854000792938662637654885530,9b32c7ee495a878b84dad013a99d82bb3c4241c9bbf1e532259a32469d71c256,317,300,0,2.8451623062487017,5.0,False,0.9019607843137255,0.6605263157894736,True,measurer and classifier disagree,,,,,,,,,,
76,2.25.137675513852774974135210999345676405116/series_001_2_CR/A2504106597 DXA/CR DXA/CR000000.dcm,2.25.137675513852774974135210999345676405116,6c4bb826080b375bddba1b84817f7163aa60f2f0fd0f23ce186e0292e5836aec,317,300,0,1.5128807527612484,5.0,False,0.6785714285714285,0.6605263157894736,True,measurer and classifier disagree,,,,,,,,,,
89,2.25.156021661584944120526934974594604520993/series_003_2_CR/A2507142228 DXA/CR DXA/CR000000.dcm,2.25.156021661584944120526934974594604520993,e4e8b0c79708c672efaf342f1dc4775fe37e38fb5cc12ca0844bb57e15138ff5,315,300,0,1.6618411408619846,5.0,False,0.8984848484848484,0.6605263157894736,True,measurer and classifier disagree,,,,,,,,,,
111,2.25.165091430504580219034019815337441064349/series_001_2_CR/A2504415443 DXA/CR DXA/CR000002.dcm,2.25.165091430504580219034019815337441064349,b309dbe0fc1206a11b96c9c6e024a866da0420edc26e9ad375c6b640610571c2,287,300,0,2.030551878112615,5.0,False,0.7801587301587302,0.6605263157894736,True,measurer and classifier disagree,,,,,,,,,,
130,2.25.173753313169335820519632380691065649420/series_003_2_CR/A2504265499 DXA/CR DXA/CR000002.dcm,2.25.173753313169335820519632380691065649420,cc407f7c67e496e1dc767610d3ed12ed6df07084a1fd8b0ae950adf6b84250c4,318,300,1,2.0528199205912427,5.0,False,0.8272727272727273,0.6605263157894736,True,labelled positive,,,,,,,,,,
133,2.25.175881661753775295785039265792986971602/series_003_2_CR/A2507266462 DXA/CR DXA/CR000001.dcm,2.25.175881661753775295785039265792986971602,735dd4c8ad6b846c93aec4360bab13b93621ddd3bd419e64f11d173bd862ad6e,315,300,0,2.0573436383947055,5.0,False,0.8285714285714286,0.6605263157894736,True,measurer and classifier disagree,,,,,,,,,,
139,2.25.17706555930735581384953296958427669848/series_004_3_CR/A2504146513 DXA/CR DXA/CR000001.dcm,2.25.17706555930735581384953296958427669848,13a784b0466c4b17b34d16c1a173ac4ab4e10126d60d375fc90e044036e244e8,287,300,0,3.169836628582023,5.0,False,0.8391666666666666,0.6605263157894736,True,measurer and classifier disagree,,,,,,,,,,
144,2.25.178533355209696795441380751187185128893/series_003_2_CR/A2507155452 DXA/CR DXA/CR000000.dcm,2.25.178533355209696795441380751187185128893,1297e6ee3c8a2c3456ea47930752692f23e5dfed1b3626a74b4ffac2b2f257d1,317,300,0,3.733244556533775,5.0,False,0.94,0.6605263157894736,True,measurer and classifier disagree,,,,,,,,,,
155,2.25.190331309633057244929837507901317950031/series_001_2_CR/A250791815 DXA/CR DXA/CR000003.dcm,2.25.190331309633057244929837507901317950031,cbc37b28ccbfed671ecbbd614326b5dbdf155e43bed5c01865d6f84b505ab1c7,318,300,1,2.8690903854722865,5.0,False,0.7277777777777777,0.6605263157894736,True,labelled positive,,,,,,,,,,
160,2.25.215177279960644564778148238928738915103/series_002_2_CR/A2504147013 DXA/CR DXA/CR000001.dcm,2.25.215177279960644564778148238928738915103,ce33655f362d1d3498bcc40e71394c8910481e82cb1dcf10f149986f96bce501,291,300,0,1.7569452852649352,5.0,False,0.8285714285714286,0.6605263157894736,True,measurer and classifier disagree,,,,,,,,,,
164,2.25.217397325224876728316360420804118329081/series_002_2_CR/A250474631 DXA/CR DXA/CR000002.dcm,2.25.217397325224876728316360420804118329081,dace1623fe5c10039ae5b7989b0882d70a3b61cce0fa1b2dba2ac5126920ad29,318,300,0,2.470916057475397,5.0,False,0.7689393939393939,0.6605263157894736,True,measurer and classifier disagree,,,,,,,,,,
165,2.25.220866240977467582196609708837940253840/series_001_2_CR/A2504258893 DXA/CR DXA/CR000000.dcm,2.25.220866240977467582196609708837940253840,f1c9f2178251059ce2dbaab75766b4c39070b613d75ad36ce028fca644977431,317,300,1,5.335149885257226,5.0,True,0.6605263157894736,0.7866666666666666,False,labelled positive,,,,,,,,,,
173,2.25.269648774413746842548908998641183395622/series_001_2_CR/A2504393664 DXA/CR DXA/CR000001.dcm,2.25.269648774413746842548908998641183395622,2e079ec6c4b4fc082859b27ed3d4b09c1840acc217906af15a35030b46f52369,317,300,1,1.576351876435328,5.0,False,0.4125,0.6605263157894736,False,labelled positive,,,,,,,,,,
175,2.25.269742577365511543488820993979123763373/series_003_2_CR/A250477751 DXA/CR DXA/CR000000.dcm,2.25.269742577365511543488820993979123763373,b2ef25a5d5afe313737dbdfd7c488758fd6f1cc373715887c2a5a31f1657c911,315,300,0,3.9553024828181242,5.0,False,0.7708333333333333,0.6605263157894736,True,measurer and classifier disagree,,,,,,,,,,
177,2.25.272690031744216183651627058502316132741/series_002_2_CR/A2504373414 DXA/CR DXA/CR000001.dcm,2.25.272690031744216183651627058502316132741,6975c7e897a547a9d76e7d758c33ff03b7852ada25d46406721e7566629ae158,322,300,0,4.133147739284652,5.0,False,0.7885964912280701,0.7866666666666666,True,measurer and classifier disagree,,,,,,,,,,
191,2.25.306921081709806079165809721263236241032/series_002_2_CR/A2504381177 DXA/CR DXA/CR000000.dcm,2.25.306921081709806079165809721263236241032,1d1bea6e7f908ef2fa188a6605891cce21ec2391320420adaf0be7426de26467,313,300,0,0.9593767359462912,5.0,False,0.756060606060606,0.6605263157894736,True,measurer and classifier disagree,,,,,,,,,,
195,2.25.309085571913348252136520206003694446566/series_002_2_CR/A2504116267 DXA/CR DXA/CR000000.dcm,2.25.309085571913348252136520206003694446566,ee1b63e8b78e4347f7852452ed7a6dfc44dad01e1472c9f9135878c831193bf0,285,300,1,2.188048615603742,5.0,False,0.5325757575757577,0.6605263157894736,False,labelled positive,,,,,,,,,,
204,2.25.339027809107632348165171236474821772940/series_001_2_CR/A2504349642 DXA/CR DXA/CR000001.dcm,2.25.339027809107632348165171236474821772940,fbd0184157ebe3f022a4c36fb140e5ff661b07f4b8b700ad9a7f48ca713e3fc1,289,300,0,2.4735556672732897,5.0,False,0.7452380952380953,0.6605263157894736,True,measurer and classifier disagree,,,,,,,,,,
209,2.25.37515662379281069436632838996073181551/series_001_2_CR/A2504329840 DXA/CR DXA/CR000000.dcm,2.25.37515662379281069436632838996073181551,ef2e3d247a93bc1cd67f7d44f023898ec2fbdcccefe308bd765dc22c4665bad8,291,300,1,4.111932730214303,5.0,False,0.7866666666666666,0.6605263157894736,True,labelled positive,,,,,,,,,,
214,2.25.39068163399801173920284179500049527111/series_002_2_CR/A2504195842 DXA/CR DXA/CR000002.dcm,2.25.39068163399801173920284179500049527111,da97fcfc654fe6f7912aeba96a6a648c6ea64553b1d9b8fa6a875055a8b7cc9f,318,300,1,1.3797442052661353,5.0,False,0.43947368421052635,0.7866666666666666,False,labelled positive,,,,,,,,,,
218,2.25.52532476139575422857225834315571570912/series_001_2_CR/A2504247961 DXA/CR DXA/CR000000.dcm,2.25.52532476139575422857225834315571570912,59d6dbcb3cc7308c4f57ba6f811a249e8d3040df13092b75cda74fa505b1b626,315,300,0,3.0367172450360433,5.0,False,0.8533333333333333,0.6605263157894736,True,measurer and classifier disagree,,,,,,,,,,
229,2.25.66397484472966116002950503539482860450/series_001_2_CR/A2504194637 DXA/CR DXA/CR000004.dcm,2.25.66397484472966116002950503539482860450,631e0fa48191afb36c98d7d6d709b51e69a1569b1736a4d213cb0b80c2c55ba5,318,300,0,0.42181544992555065,5.0,False,0.662878787878788,0.6605263157894736,True,measurer and classifier disagree,,,,,,,,,,
232,2.25.73070100851377917031356937075051545239/series_002_2_CR/A2504239110 DXA/CR DXA/CR000002.dcm,2.25.73070100851377917031356937075051545239,794516213732ca94b7230139400a15db8b31684d59d85d3a0bd232e6cb1eab55,287,300,1,2.9674277228067627,5.0,False,0.8537878787878788,0.6605263157894736,True,labelled positive,,,,,,,,,,
244,2.25.87869906212286587478854831452123526595/series_002_2_CR/A250419699 DXA/CR DXA/CR000001.dcm,2.25.87869906212286587478854831452123526595,5c2897457a7341ea9042324875ae699bddc32f49ecbf4f8514b6b72086c75c80,317,300,0,3.186441361125893,5.0,False,0.7325000000000002,0.6605263157894736,True,measurer and classifier disagree,,,,,,,,,,
202,2.25.338439598607961312040815816824093323492/series_002_2_CR/A2504147124 DXA/CR DXA/CR000000.dcm,2.25.338439598607961312040815816824093323492,03308b1bfaf49a413bc05425ee2cf613127c07f61d27eefe76b071ed7d46af4f,317,300,0,3.8491998291681004,5.0,False,0.5238095238095237,0.6605263157894736,False,"aligned negative, no disagreement",,,,,,,,,,
49,2.25.128197189461989832465575162384360009377/series_001_2_CR/A2507216909 DXA/CR DXA/CR000000.dcm,2.25.128197189461989832465575162384360009377,fbf3b74894872db74011f83380d0a9f86ed055e8793ed675cdd4b8ae00c836c0,317,300,0,0.5588149806943173,5.0,False,0.6022727272727274,0.6605263157894736,False,"aligned negative, no disagreement",,,,,,,,,,
59,2.25.132083163398091874662674590622589534350/series_003_2_CR/A2507386583 DXA Exam/CR DXA Images/CR000001.dcm,2.25.132083163398091874662674590622589534350,88faffc5e4482a10b2a60b292333483b6b9f4f32005c5194b579951e654eb193,320,300,0,1.9138231821491634,5.0,False,0.4833333333333334,0.6605263157894736,False,"aligned negative, no disagreement",,,,,,,,,,
73,2.25.137344827330550141320158285144101816664/series_003_3_CR/A2507146630 DXA/CR DXA/CR000000.dcm,2.25.137344827330550141320158285144101816664,792c50771f400b4d909a0479f55b95896d570a12b9c21cfdbf5eb123cfec9314,317,300,0,0.9755406858244742,5.0,False,0.5803921568627451,0.6605263157894736,False,"aligned negative, no disagreement",,,,,,,,,,
117,2.25.16773626720107440979805052259711419763/series_004_2_CR/A2507537392 DXA/CR DXA/CR000000.dcm,2.25.16773626720107440979805052259711419763,36569073534a07d1a3927dc98fd08fd74d096a044bbbf8a468490d267d926609,289,300,0,1.2057425956024446,5.0,False,0.3111111111111111,0.6605263157894736,False,"aligned negative, no disagreement",,,,,,,,,,
68,2.25.134456506307367483341018281460841912845/series_002_2_CR/A2507120612 DXA/CR DXA/CR000001.dcm,2.25.134456506307367483341018281460841912845,9288e050697877014e72b85a790726e76daba41f6511f1d9ef45e3e5cd222d59,315,300,0,2.001734812267351,5.0,False,0.38666666666666666,0.6605263157894736,False,"aligned negative, no disagreement",,,,,,,,,,
101,2.25.158197739569377798130962967413133224194/series_002_2_CR/A2504245497 DXA/CR DXA/CR000000.dcm,2.25.158197739569377798130962967413133224194,2d8c3341476e41295ace62baa649646447983d45a7aa7e372c188e9c9134c4d9,291,300,0,2.0616085226412646,5.0,False,0.3893939393939394,0.6605263157894736,False,"aligned negative, no disagreement",,,,,,,,,,
41,2.25.125521310320333648427417313254965624364/series_001_2_CR/A250444126 DXA/CR DXA/CR000000.dcm,2.25.125521310320333648427417313254965624364,8e704ff027711b6a94b1154dc24802d1745e634c9d6867fe858587dee613b0d0,263,300,0,0.6707857286371527,5.0,False,0.3904761904761905,0.6605263157894736,False,"aligned negative, no disagreement",,,,,,,,,,
86,2.25.151186844055172005615813066162721550889/series_002_2_CR/A250436130 DXA/CR DXA/CR000000.dcm,2.25.151186844055172005615813066162721550889,bcfc296c95fd660fbe168c8321c5dd8fa40f124e328d83b42ee5118d841184d1,344,300,0,1.518453609906346,5.0,False,0.5373015873015873,0.6605263157894736,False,"aligned negative, no disagreement",,,,,,,,,,
105,2.25.159930383074323525630608416881201447861/series_002_2_CR/A2507139428 DXA/CR DXA/CR000000.dcm,2.25.159930383074323525630608416881201447861,fd84428715d03f5574d524da4e66b53e26ec7b3656179b381354a4c26b498790,289,300,0,0.15902336194836278,5.0,False,0.5509803921568627,0.6605263157894736,False,"aligned negative, no disagreement",,,,,,,,,,
142,2.25.177745077805190810016231350557005569203/series_002_2_CR/A2504273759 DXA/CR DXA/CR000001.dcm,2.25.177745077805190810016231350557005569203,fe4af16335b15f0d10ff1dfce36fcbc4cf0fc8b46925dde40628cbe8353593c3,318,300,0,0.6893390511574962,5.0,False,0.5159090909090909,0.6605263157894736,False,"aligned negative, no disagreement",,,,,,,,,,
116,2.25.167344201679287285499405412654740659745/series_003_2_CR/A2504249537 DXA/CR DXA/CR000002.dcm,2.25.167344201679287285499405412654740659745,412a61c72cdfd840ad341c169fe87420c42497cc499f2b251fc628de7056a5a4,292,300,0,0.7051175091707529,5.0,False,0.2571428571428571,0.6605263157894736,False,"aligned negative, no disagreement",,,,,,,,,,
208,2.25.340839477910528898406207279980417945/series_001_2_CR/A2504224555 DXA Exam/CR DXA Images/CR000002.dcm,2.25.340839477910528898406207279980417945,0ba87ba4957862d14794f284ffce3e7284aaabb0986808c87349510bf48d20dd,317,300,0,1.4483376966996186,5.0,False,0.7421052631578948,0.7866666666666666,False,"aligned negative, no disagreement",,,,,,,,,,
147,2.25.181196659018348153828200695057897449628/series_004_2_CR/A2507370620 DXA/CR DXA/CR000002.dcm,2.25.181196659018348153828200695057897449628,8bb0c116bfeffb7b201250aa456eba3e1c44ef53cc6b4e381dfca244943b4a71,317,300,0,1.6264776751097174,5.0,False,0.618421052631579,0.7866666666666666,False,"aligned negative, no disagreement",,,,,,,,,,
113,2.25.165355673991587715046346525964554729786/series_003_3_CR/A2506448267 DXA/CR DXA/CR000001.dcm,2.25.165355673991587715046346525964554729786,97ec0e50688079d7390adbc7be9ae4e9bf9e98f30347f11e47759d9f8b0bb8ee,317,300,0,0.47349985482404694,5.0,False,0.12017543859649123,0.7866666666666666,False,"aligned negative, no disagreement",,,,,,,,,,
184,2.25.277752758923974029595977676354128739670/series_002_2_CR/A2504223752 DXA/CR DXA/CR000004.dcm,2.25.277752758923974029595977676354128739670,1f78c63e34c9bcbda41f7bbd8b8a9264a6fad83cab8bf6acb568ee41af72c456,285,300,0,1.558321997458633,5.0,False,0.48636363636363633,0.6605263157894736,False,"aligned negative, no disagreement",,,,,,,,,,
71,2.25.135241889065705954191821710363605596815/series_003_3_CR/A250715060 DXA/CR DXA/CR000001.dcm,2.25.135241889065705954191821710363605596815,2182de8bcf3f98fce74761ea069db4e2b641730eb98f9a5a7107e41add62b91a,346,300,0,1.0104234862033605,5.0,False,0.3824561403508772,0.7866666666666666,False,"aligned negative, no disagreement",,,,,,,,,,
77,2.25.13983650679559142983913935144968795415/series_003_2_CR/A2504335111 DXA/CR DXA/CR000000.dcm,2.25.13983650679559142983913935144968795415,770a0d85b0a4043878c7441250b3c4e812b92e5e330c662c78b090abb3b59673,289,300,0,0.20604938661772626,5.0,False,0.5022727272727273,0.6605263157894736,False,"aligned negative, no disagreement",,,,,,,,,,
171,2.25.247714038039430659432048101646401574824/series_002_2_CR/A2504238024 DXA Exam/CR DXA Images/CR000002.dcm,2.25.247714038039430659432048101646401574824,c6d474b1e3fa1bd1a405c7eaa1aeaef9dc04e1da67ec0764e8c7710747c70b23,315,300,0,0.23709767615505503,5.0,False,0.23257575757575757,0.6605263157894736,False,"aligned negative, no disagreement",,,,,,,,,,
21,2.25.105033841136787477881326326053319223817/series_001_2_CR/A250790559 DXA/CR DXA/CR000000.dcm,2.25.105033841136787477881326326053319223817,8ba035f35da9fb5b8591d66ff8bed4fecd5f8815db4692868158c3c42248cd4c,318,300,0,2.482903656126253,5.0,False,0.48245614035087714,0.7866666666666666,False,"aligned negative, no disagreement",,,,,,,,,,
186,2.25.286999464611662854355201599068538813496/series_003_2_CR/A2504223477 DXA/CR DXA/CR000001.dcm,2.25.286999464611662854355201599068538813496,a5df06a86bdbd5a62678bd9dae377afb08f66aee3a471c451c8764189b9ee5ef,291,300,0,0.6460704268177534,5.0,False,0.1627450980392157,0.6605263157894736,False,"aligned negative, no disagreement",,,,,,,,,,
157,2.25.190807933410234695931591553323782771995/series_002_3_CR/A250762254 DXA/CR DXA/CR000000.dcm,2.25.190807933410234695931591553323782771995,ebc5555cd374e7637b29f9e768843bfeb2ed2a0b2ce1c73c44236c3650e2ee4f,317,300,0,0.3421428993386218,5.0,False,0.4490196078431372,0.6605263157894736,False,"aligned negative, no disagreement",,,,,,,,,,
93,2.25.156375884487675936513403083218009333856/series_003_2_CR/A250727121 DXA/CR DXA/CR000001.dcm,2.25.156375884487675936513403083218009333856,c39a14af2314a7d34b2fc1248dc56d0dba09831967971b80a8c05246120071cf,317,300,0,0.720316395258724,5.0,False,0.37,0.6605263157894736,False,"aligned negative, no disagreement",,,,,,,,,,
153,2.25.186201010600484120326273381077449377115/series_004_2_CR/A250777475 DXA/CR DXA/CR000007.dcm,2.25.186201010600484120326273381077449377115,9bf53a6b6abf6a9eeb76a6f0b4f5403b2804d53550037b7c078388d57aa8d9df,315,300,0,1.5861612175071422,5.0,False,0.4225,0.6605263157894736,False,"aligned negative, no disagreement",,,,,,,,,,
25,2.25.11175860580562939441493697221497597640/series_003_2_CR/A2507431060 DXA/CR DXA/CR000001.dcm,2.25.11175860580562939441493697221497597640,995de81fe5e6848706a42532d01ec31e025269667dd1e00134daee3c59c1fa30,315,300,0,0.4464676776926804,5.0,False,0.6063492063492063,0.6605263157894736,False,"aligned negative, no disagreement",,,,,,,,,,
48,2.25.12798473087614376830819854616447908612/series_002_2_CR/A2507538847 DXA/CR DXA/CR000000.dcm,2.25.12798473087614376830819854616447908612,bd310da5a2874ef2741678154a90d7a282deb05ca51c82efa6b374558f77398b,318,300,0,1.6541441841901645,5.0,False,0.16666666666666669,0.7866666666666666,False,"aligned negative, no disagreement",,,,,,,,,,
242,2.25.87718478011637131470224319788530286374/series_002_2_CR/A2504337993 DXA/CR DXA/CR000000.dcm,2.25.87718478011637131470224319788530286374,320d9e16a60b7caef46e10278820e438aa261beb828da68c97950f0067625b79,289,300,0,0.9221103380882884,5.0,False,0.5911764705882353,0.6605263157894736,False,"aligned negative, no disagreement",,,,,,,,,,
8,1.2.840.113619.2.110.512719.20250407113211/series_001_2_CR/DXA/CR DXA/CR000003.dcm,1.2.840.113619.2.110.512719.20250407113211,6fbbb0ee2636360bba8f492b60a69210c1a440072c455e44394a8e8ee1c7a603,291,300,0,0.567106788609937,5.0,False,0.21250000000000002,0.6605263157894736,False,"aligned negative, no disagreement",,,,,,,,,,
127,2.25.173731186748227489808861376513577450951/series_002_2_CR/A2507188958 DXA/CR DXA/CR000000.dcm,2.25.173731186748227489808861376513577450951,7eb980c70b6eaaa2fa2309a1a75789e5de3967aaebfe939f64a89c6921f26a48,289,300,0,1.4786942351213463,5.0,False,0.7210526315789474,0.7866666666666666,False,"aligned negative, no disagreement",,,,,,,,,,
97,2.25.156389075510671877606923458507011517218/series_001_2_CR/A2507389755 DXA/CR DXA/CR000002.dcm,2.25.156389075510671877606923458507011517218,dd220bc45cf525a8137b8665d59dbb1520fbce07637f5d0075c5fa9fc3372cf4,289,300,0,0.2830322259442997,5.0,False,0.46140350877192987,0.7866666666666666,False,"aligned negative, no disagreement",,,,,,,,,,
56,2.25.13069823278093578548407087310307113784/series_003_2_CR/A2507242667 DXA/CR DXA/CR000001.dcm,2.25.13069823278093578548407087310307113784,8f1292d2c798972caa6405ac6fceb406d4e44445864765a58f912a8124a36641,343,300,0,0.47696168509906617,5.0,False,0.4348484848484848,0.6605263157894736,False,"aligned negative, no disagreement",,,,,,,,,,
234,2.25.76710355977373089612172037086913478687/series_002_3_CR/A2504104830 DXA/CR DXA/CR000001.dcm,2.25.76710355977373089612172037086913478687,f0fd62360cda0a7b0d3dc038ba4a214a1e92109fd5ee8798f784726784427f28,318,300,0,1.2892392136285542,5.0,False,0.28250000000000003,0.6605263157894736,False,"aligned negative, no disagreement",,,,,,,,,,
43,2.25.126293418391331346694592071563510265596/series_002_3_CR/A2507250865 DXA/CR DXA/CR000001.dcm,2.25.126293418391331346694592071563510265596,e428be489472ea5b0ff39e32a8417bd4b9ca4b553cdbf054a8f69cd7274d8974,317,300,0,0.0012558811994687307,5.0,False,0.11166666666666666,0.6605263157894736,False,"aligned negative, no disagreement",,,,,,,,,,
63,2.25.132272637351979990811754009849547633391/series_003_3_CR/A2504141080 DXA/CR DXA/CR000002.dcm,2.25.132272637351979990811754009849547633391,2a975a4fdb317ecd377e9b25142e080b280093cfa2f04a4230a234d5d1bb4f88,289,300,0,3.9010892799015773,5.0,False,0.5873015873015873,0.6605263157894736,False,"aligned negative, no disagreement",,,,,,,,,,
240,2.25.82912555346523716720160717883917565880/series_002_2_CR/A2504149480 DXA/CR DXA/CR000001.dcm,2.25.82912555346523716720160717883917565880,6a0368d93d1074b48254d1630cf957d49992a810f2a510e0253616333949be33,291,300,0,0.9853702539765102,5.0,False,0.16825396825396824,0.6605263157894736,False,"aligned negative, no disagreement",,,,,,,,,,
123,2.25.169242707068684757906797344800977707240/series_003_2_CR/A2507185832 DXA/CR DXA/CR000000.dcm,2.25.169242707068684757906797344800977707240,0059a1315dca2feca115ccfd940dab7025b7667e936328434b245044047e3b59,285,300,0,0.30411176182645566,5.0,False,0.22058823529411764,0.6605263157894736,False,"aligned negative, no disagreement",,,,,,,,,,
221,2.25.52982400970721161435951723390541696819/series_001_2_CR/A2504331065 DXA/CR DXA/CR000002.dcm,2.25.52982400970721161435951723390541696819,c116e7d87c8c3e98a9c5383ec6906e5975450b0d464856460ce9c53283f6439a,317,300,0,0.9405306973810635,5.0,False,0.553921568627451,0.6605263157894736,False,"aligned negative, no disagreement",,,,,,,,,,
24,2.25.108537195937431169718850276671337677972/series_002_2_CR/A250479795 DXA/CR DXA/CR000000.dcm,2.25.108537195937431169718850276671337677972,dcdbb40ff5cb372a8f7208c149729280e1d84d0647317ee633d9f8839f3b27de,289,300,0,1.3348873590086512,5.0,False,0.5215686274509804,0.6605263157894736,False,"aligned negative, no disagreement",,,,,,,,,,
85,2.25.145848300160680194368420189079847088556/series_002_2_CR/A2504248615 DXA Exam/CR DXA Images/CR000002.dcm,2.25.145848300160680194368420189079847088556,5f54289575fa2719163a79ee99767eec044a555372e338339fdd7cd7e8924909,289,300,0,1.200124226303811,5.0,False,0.42803030303030304,0.6605263157894736,False,"aligned negative, no disagreement",,,,,,,,,,
10,2.25.10245777060263212829333021434108890537/series_003_2_CR/A2504412435 DXA/CR DXA/CR000001.dcm,2.25.10245777060263212829333021434108890537,7b9332bd3916dda3cbbea33e1515ccd57894856c9347a42e48f2a0ec6c70234a,318,300,0,0.9557121414281088,5.0,False,0.3952380952380952,0.6605263157894736,False,"aligned negative, no disagreement",,,,,,,,,,
