pixel_sha256,study_key,region,quality_class,oof_score,oof_pred,spine_coverage_score,spine_coverage_pred,spine_axis_score,spine_axis_pred,spine_artifact_score,spine_artifact_pred,hip_position_rotation_score,hip_position_rotation_pred,hip_roi_coverage_score,hip_roi_coverage_pred
a9e6091260abf7b7237d9aae3bfbdd183d9bf0a32fb78260543b94b8ccf26643,1.2.840.113619.2.110.512719.20250403090444,spine,0.0,0.08447937913452401,0.0,0.06832145837393205,0.0,0.05863943849041858,0.0,0.020301191070669664,0.0,,,,
0fe52403eafdba2d9188502270a114e6c94869f758f93a4de0624308bedd69b6,1.2.840.113619.2.110.512719.20250403090444,hip_right,0.0,0.3975064389292163,0.0,,,,,,,0.28740767378274074,0.0,0.18470919830382945,0.0
7c985506644ca1e5de367e48eae9c002ecb466445dadd6bb277390a4ab13286b,1.2.840.113619.2.110.512719.20250403090444,hip_left,1.0,0.22022834293547533,0.0,,,,,,,0.22758935586300402,0.0,0.11365933273131619,0.0
15839642c1f56c7206a68978562bb7f4081f0ce3d0d047d53fa3993a12ee70ba,1.2.840.113619.2.110.512719.20250403092052,hip_right,0.0,0.3859705701247041,1.0,,,,,,,0.5313864479508327,1.0,0.04706585889572525,0.0
1badfaf813f2824f3428433e0c5487c7564de3691768f85be188a150c7064970,1.2.840.113619.2.110.512719.20250403092052,spine,0.0,0.24322526173536152,0.0,0.06677143712264928,0.0,0.05567959885762397,0.0,0.1780213652699966,0.0,,,,
8e58f24966466b8af80a00c6d14d8cf464d4dcb8e38ff39a529ef6a6f094ff9f,1.2.840.113619.2.110.512719.20250403092052,hip_left,0.0,0.42269588547644776,1.0,,,,,,,0.5737384140061424,1.0,0.09241919983051701,0.0
8fba63df6cd4a9853f4cc1168658541ce7d02920e3c9caa1702caae321afc623,1.2.840.113619.2.110.512719.20250407113211,hip_left,1.0,0.25043258483116965,0.0,,,,,,,0.2421218743793676,0.0,0.094770353219795,0.0
b4bba09e52d01a64990757311eb066a5c5334e7877debf82f072da7226134d41,1.2.840.113619.2.110.512719.20250407113211,hip_right,0.0,0.19513088174368043,0.0,,,,,,,0.19222657312015054,0.0,0.06006634380020918,0.0
8909a960f0ea9799322121964c3f36cd0bc07daa8e0feffa5b42524ef253d639,1.2.840.113619.2.110.512719.20250407113211,spine,0.0,0.09377749227227995,0.0,0.053509726446487216,0.0,0.018745681209991788,0.0,0.041429776057768375,0.0,,,,
8a50084532eaa0f6d22e24ccfeba4c9b388d142abd1db803a0b0afc256c5e97c,2.25.10245777060263212829333021434108890537,hip_right,0.0,0.3510402131923343,1.0,,,,,,,0.49901906103706306,1.0,0.07240135753691429,0.0
6518fd2996528c8223e1d322f1df7736c9c578515dc3a5bcacc13a24fe671223,2.25.10245777060263212829333021434108890537,spine,0.0,0.1428285107771021,0.0,0.003201421416355527,0.0,0.033919639546191455,0.0,0.10528654698873074,0.0,,,,
c341da94f10ff9273fafe85291cce9f18c8d1bfec7f1e6818ed1b23dbaaae6b6,2.25.10245777060263212829333021434108890537,hip_left,0.0,0.3255402624587225,1.0,,,,,,,0.372791378965769,1.0,0.07945157470256305,0.0
bb60cae811d9181009951182e2b875f83ee7c6879c24f9b1edff135e307a64f2,2.25.102755089973625799055786462646268820450,hip_left,0.0,0.5374358520860151,0.0,,,,,,,0.19277468246693155,0.0,0.34850197238250696,0.0
735f9e87ebcacb8cf2c6948375b1d607e1b04200819d40e31c2420d09643bef8,2.25.102755089973625799055786462646268820450,spine,1.0,0.6174403199966422,1.0,0.14287043282815806,0.0,0.4449433815512494,0.0,0.204953625117022,0.0,,,,
4d3c0357e1d22b4c1f76501136a276c0f5cdd85296193c8309a0af0b1934def5,2.25.102755089973625799055786462646268820450,hip_right,1.0,0.22409673001398742,0.0,,,,,,,0.268508584021211,0.0,0.06917318873078153,0.0
f4a37ed0f829e679435e9aeb4ab6860782b78237485605854eee3e1c078d63e8,2.25.102965897799404973225419898683246248872,hip_left,0.0,0.3907125430346345,1.0,,,,,,,0.25600459910579226,1.0,0.384935550025419,1.0
dd27dff48e23fbd85ee8a140154d296a91078e534da663ab6efc2aaf6a5b190e,2.25.102965897799404973225419898683246248872,spine,0.0,0.4464915808150296,1.0,0.48566658047545647,1.0,0.04690727913905662,0.0,0.0655869461798893,0.0,,,,
3898693c2bb617573ad8ea8927094bf8c0e40f7ef5ee13c8df61587e209369ca,2.25.102965897799404973225419898683246248872,hip_right,0.0,0.22644185654949658,1.0,,,,,,,0.2690347739937781,1.0,0.05526793786200268,0.0
b5044b83def4972ca63f8cbda44f5c42c961e9925d2ea7f8485445cc0a2401aa,2.25.103868781101960771917584077315578649178,hip_left,0.0,0.3043608043896717,0.0,,,,,,,0.26777952467702104,0.0,0.0054148842097278506,0.0
8ed4729edbab469043e75e9bca58ddb1aa7cb54ffd4598f93fd22d5a0932aab4,2.25.103868781101960771917584077315578649178,hip_right,0.0,0.25906552059806975,0.0,,,,,,,0.25648328796075665,0.0,0.031823072037298956,0.0
d57cdeea9dde2bf9f8353c6ee96f5642a07dccb99bbf8edc58ab8d777ecec53d,2.25.103868781101960771917584077315578649178,spine,0.0,0.14673670647109915,0.0,0.001920706171908871,0.0,0.07339441251010649,0.0,0.14403884036032863,0.0,,,,
7c78a1fc55fd816e53757bf501008a22180a9801e154776ce3b7fc17a6bdb067,2.25.105033841136787477881326326053319223817,spine,0.0,0.22271676676240795,0.0,0.1227972648463002,0.0,0.13002482149229996,0.0,0.13298743558321557,0.0,,,,
a59076b2d4a7a2bd23648d88f4170b8e05eee868646c4586e98c2c2bae9bfe57,2.25.105033841136787477881326326053319223817,hip_left,0.0,0.2769229246647938,0.0,,,,,,,0.25344159432888747,0.0,0.061325133645886265,0.0
0ae9c8144140a7d450deec4b83cfb7cf6483c1f5ebb53f82a411e241f8fb770b,2.25.105033841136787477881326326053319223817,hip_right,0.0,0.3730239419958458,0.0,,,,,,,0.29047218744030184,0.0,0.09655220189977504,0.0
803c1c9db354b544e6dff5094bcbeec092f7a249eaad98573dce3e47bfc1017d,2.25.108537195937431169718850276671337677972,spine,0.0,0.28114222146359324,0.0,0.1711722119250265,0.0,0.104791954441525,0.0,0.19391607580895018,0.0,,,,
ba7ddb704d8a18a3d3af4e23beaa4dee13638f25ead5e143b9e13e0ef9b7d187,2.25.11175860580562939441493697221497597640,spine,1.0,0.536725106345934,1.0,0.17251490787104126,1.0,0.04500394499433922,0.0,0.5464486493779268,1.0,,,,
e2548fed98076bee5be2e244ec18d651bbee3d1dfb587c226efb8c85fab788f1,2.25.11175860580562939441493697221497597640,hip_left,0.0,0.07526550951190324,0.0,,,,,,,0.15456924281768877,0.0,0.00881236695539081,0.0
2df14f6c6066444afbdca2851fe083adfa62c369d41f8224bb8a298c2a17c52d,2.25.112621744005021908434051268014787122937,spine,0.0,0.6280345790654379,1.0,0.07721363328253972,0.0,0.5352533206821575,1.0,0.1485023215733935,0.0,,,,
9c9c6896a11e8b1306698cb869fcc40de8ab474776e1285d0871e19081470c12,2.25.114887542067602662452692698814728642117,hip_right,1.0,0.4300433951133085,1.0,,,,,,,0.5266311786001937,1.0,0.0033772688782054932,0.0
ad52e6fd3665733d5d72e7180609941edf1b1561db9e709912dd046c11429a56,2.25.114887542067602662452692698814728642117,hip_left,1.0,0.1517551045499386,0.0,,,,,,,0.2778672375033621,0.0,0.002344629618057837,0.0
3f1c9334bb02f1905a26a3d011961dd2502485e9b7f86efc39f19692aeda5ea9,2.25.114887542067602662452692698814728642117,spine,1.0,0.23939113606612553,0.0,0.019554142151943062,0.0,0.052870222142196145,0.0,0.3286363800636684,0.0,,,,
a3c7e53b34b9717a916e58c35ea9305881316f6967960187715a252cb65c5d8a,2.25.116822802042655971810859435524105064465,hip_right,0.0,0.3259610213479371,0.0,,,,,,,0.2681472427880889,0.0,0.26163186825661605,0.0
480f10f88caf10dd62fa24f81aaf02944f31b887a08f9c3fecb9bc3494071fe9,2.25.116822802042655971810859435524105064465,hip_left,0.0,0.5764410665330796,1.0,,,,,,,0.4317308111914889,0.0,0.36023627442129086,1.0
e854cd16b924c3236f87e8f44a138a97bd7fd01dd01e680e0dc2473c3a50c3c1,2.25.116822802042655971810859435524105064465,spine,0.0,0.34411871906017427,1.0,0.259105543939989,0.0,0.03302490815852554,0.0,0.14069567755313225,0.0,,,,
f159582316e2f63507a19207977234021d238627677f07532ca4bd75a66dd36e,2.25.122446767306607067205618235949445789306,hip_right,1.0,0.5080015715673786,1.0,,,,,,,0.23806577486167915,0.0,0.49601696767656045,1.0
cd7046e6682c296a906eef88c8cd60e3e36a695aee37696ac69ca33980b707bb,2.25.122446767306607067205618235949445789306,hip_left,1.0,0.15208659379652448,0.0,,,,,,,0.08787928103768115,0.0,0.1842580939883592,0.0
643fb849518ee25015e6f30e6852861b3a40ea8a79202716827eced100f283de,2.25.122446767306607067205618235949445789306,spine,0.0,0.2939471589036993,1.0,0.1655059269268956,1.0,0.0635229426063995,0.0,0.14744919041187624,0.0,,,,
634ba77508b97c18baa721a5ddcbf4bc904dc8d9e3fef3cdf590907b9fc2ee85,2.25.123175695355749859846173904788591707879,spine,0.0,0.4702658547660836,1.0,0.049555995356062275,0.0,0.06686313011966315,0.0,0.5058664908240256,1.0,,,,
0601fa0d293c61bce795e701972993a367766b009b39c139df9a379ef95d5b4a,2.25.124890633326693921702195356152595253940,spine,0.0,0.3296399894379327,0.0,0.2574284278082655,0.0,0.2439713178887941,0.0,0.04523241832190162,0.0,,,,
15e17dfeb6829fb63c190057e52643b1e0a789c3ae07279178fe20a9de7becf3,2.25.124890633326693921702195356152595253940,hip_left,0.0,0.16591698758977405,1.0,,,,,,,0.25369177002637083,1.0,0.048025893280469724,0.0
455baf36192cb0993dc7c4912a234fcf7475ed0c3cb23d0a5c0296e7ea98083e,2.25.124890633326693921702195356152595253940,hip_right,0.0,0.15594849146462056,1.0,,,,,,,0.2802822207989049,1.0,0.00434278619016432,0.0
bc66f1a7e5fbe93f81e17fd39b3ba5a51d44d316f05e1acc72bba98277e43ba4,2.25.125521310320333648427417313254965624364,spine,1.0,0.6033545622208255,1.0,0.7340890935643083,1.0,0.1838021237328176,0.0,0.05353052989996837,0.0,,,,
717f2bb22c55413805aeb4249c825f0450df46e4e9d01764e6735440b91025cc,2.25.126293418391331346694592071563510265596,hip_right,0.0,0.17111326736296117,0.0,,,,,,,0.2215636015939992,0.0,0.03473711070809916,0.0
60579efe367879db5d269f8f8ea9243846f20ca817c07268f2673fd7e0d02cdd,2.25.126293418391331346694592071563510265596,spine,0.0,0.31303849566948416,1.0,0.04896297886283598,0.0,0.009756446731891527,0.0,0.4449805274636174,1.0,,,,
cf02c2b3f5bd203ba6786a1f339c1aa338de96a78a76e9d4281641262887317f,2.25.126293418391331346694592071563510265596,hip_left,1.0,0.8456134002184285,1.0,,,,,,,0.7757893806437514,1.0,0.8601255084223349,1.0
a980abeb11de6135a87340840dcf3dec3d2d3acde1f2e408440aff090365acff,2.25.127126130998341190348103034690069487890,spine,0.0,0.19805694480191638,1.0,0.16345984423860307,1.0,0.10107841894216234,0.0,0.0949405151069133,0.0,,,,
f535f3a59d844ae5681087735cf2679a591501c92238827e9f2599f83a7b372b,2.25.127126130998341190348103034690069487890,hip_left,1.0,0.5674219239890893,1.0,,,,,,,0.5828948709395868,1.0,0.056488545589064555,0.0
c4525ed7326a5d25ee54bc067d60a32d1becc794875475ee2a18103519491184,2.25.127126130998341190348103034690069487890,hip_right,1.0,0.536017243093331,1.0,,,,,,,0.28328380691779803,0.0,0.2700246746886165,0.0
871d4f8dcf91d990417428e217dbe839cc83b094d0dc548db591af3575e4b768,2.25.12798473087614376830819854616447908612,spine,0.0,0.16835556164104967,0.0,0.08183728060041605,0.0,0.03576419683752955,0.0,0.15119695455277068,0.0,,,,
199f42c3d27a1c0e9b17ef2a752568ce64d1caf457dcd0a091ff9be87c61bb98,2.25.128197189461989832465575162384360009377,spine,0.0,0.11099334994242721,0.0,0.04153779405379976,0.0,0.019577755317889186,0.0,0.1578644873911574,0.0,,,,
52acf7164877d5b99fe26743655d3449f9c212ff2228cba995401b335b7c867e,2.25.128630285053087246379265602913470285158,spine,0.0,0.3890756334011089,1.0,0.03645700130570989,0.0,0.1278966554018706,0.0,0.4907478094520119,1.0,,,,
582f743b52b3a72941ef9e0d6a3e2c3b5106d1ae5fb538bd1e569c28a795bef8,2.25.128990540359421489042453547244535073735,hip_left,1.0,0.28031637100969836,0.0,,,,,,,0.31648102324553307,0.0,0.06936879117748466,0.0
afe0c5feaf1c7f96a73a02e8efff5c23707ef0362101e18e99d5ab17492291cf,2.25.128990540359421489042453547244535073735,spine,1.0,0.34774720888089145,1.0,0.35092616218494305,0.0,0.07885263928928697,0.0,0.1641013120867633,0.0,,,,
9336b6e1c2b575e0567b3761131cab9698806fd3152b6f606fe9c5773ea03579,2.25.128990540359421489042453547244535073735,hip_right,1.0,0.5048062215820265,0.0,,,,,,,0.4247007783100725,0.0,0.27763808567147436,0.0
a9a28ba08952c94b7202b6d245cfecec0dbb5da714c7acd537e30af55753de97,2.25.129239680100193368599713239115902740628,hip_left,1.0,0.4474491879196165,1.0,,,,,,,0.551845596719113,1.0,0.003269141259908671,0.0
930dc940783d7c2892fa1b3625240bbe82429e56893d7908b201318ad0cfa589,2.25.13069823278093578548407087310307113784,hip_left,1.0,0.5962977780318607,1.0,,,,,,,0.33001529380665995,0.0,0.6982569700204847,1.0
e6bc9bc667a9ed840d7c44e0a288372f29a8cf489e57309e9d1b84b64853241c,2.25.13069823278093578548407087310307113784,spine,0.0,0.10380808401869018,1.0,0.15639174771956602,1.0,0.012242925433779745,0.0,0.06309576860381225,0.0,,,,
eddf430d03ed3d61243facdc722d2f1fc5aa49b3b89c64b0416c2c5d7aee4cd0,2.25.13069823278093578548407087310307113784,hip_right,1.0,0.8438192082675933,1.0,,,,,,,0.7484226627038715,1.0,0.7889403035285127,1.0
042a1c39857c9f0b8eadc4d7aaf4bb8c1df3a747ca66c099336cd4aa16cfbe26,2.25.132083163398091874662674590622589534350,hip_left,0.0,0.7009411873288481,1.0,,,,,,,0.6848550103745558,1.0,0.01096300846644071,0.0
8f49686ec82b08111493028955d7938843f23437b05ff5406e4518314c5760c0,2.25.132083163398091874662674590622589534350,spine,0.0,0.4727495516666734,1.0,0.08817893032754642,0.0,0.14675904494308156,0.0,0.4026491215955066,0.0,,,,
3368091e9fe0959f6e74c00340269735368ab2bd18ccbade20296f5521afffb2,2.25.132083163398091874662674590622589534350,hip_right,0.0,0.6953144156422656,1.0,,,,,,,0.657704818694214,1.0,0.02117270401709535,0.0
0fdbddb721365e2ad65326304b0f6e46cd343cadb99d716247c363049abf764e,2.25.132272637351979990811754009849547633391,hip_left,0.0,0.25706043693460423,0.0,,,,,,,0.3548998978309268,0.0,0.023827146768428595,0.0
4a87fb661c85f6baac9b4da7a716e96bf367d73ebcafd89c9843c63b39a1d60b,2.25.132272637351979990811754009849547633391,hip_right,0.0,0.17924764578508023,0.0,,,,,,,0.21063956759397784,0.0,0.007740689577805576,0.0
e6274bf9576ebdf9f1f05f5faa823a87d6bb68f0b87379f6ebb8c2d5af7ec557,2.25.132272637351979990811754009849547633391,spine,0.0,0.8088656954701982,1.0,0.1546370321644318,0.0,0.24321432800775591,0.0,0.6303579999901032,1.0,,,,
21c72e57ef9dd48b26c4a52b1591c4301f88a8d68c7936f6d63d9510ac21b7c4,2.25.13325817932854000792938662637654885530,spine,0.0,0.3191429327468002,0.0,0.003719039860491191,0.0,0.1649339627338959,0.0,0.16899558643598,0.0,,,,
dc63e8ed6a6f7beb790b13c83c367ae9c2d4ceeaa7138a8c733e03db6b330a26,2.25.13325817932854000792938662637654885530,hip_left,1.0,0.4062602889346725,0.0,,,,,,,0.27350829786959113,0.0,0.26822955254482067,0.0
3efdaa62545335d1db51287a0984f22dffa874aeaca5511d2dea601408b2d2bf,2.25.13325817932854000792938662637654885530,hip_right,0.0,0.45780207333523065,1.0,,,,,,,0.38799757614398916,1.0,0.32671458980994034,0.0
7e41967437d993f2595e615f8b358b93bec24df3bd344acae2ee9a1c6b7da6e5,2.25.134456506307367483341018281460841912845,hip_left,0.0,0.1791223194049604,0.0,,,,,,,0.22349953324345273,0.0,0.026242767974637937,0.0
dc9a42511c2ce8743b2a9cd2316bafb67cfbcab5513d3951546ef02e152a71b3,2.25.134456506307367483341018281460841912845,spine,0.0,0.2967656676810396,1.0,0.08891512406782205,0.0,0.1513465699495569,0.0,0.16169338411793852,0.0,,,,
6f166e875ac4970fc5c2356fd9af83dd85184dbb3c372632ba36b82c741111fa,2.25.134456506307367483341018281460841912845,hip_right,0.0,0.0787652373147067,0.0,,,,,,,0.07770618918645654,0.0,0.03703212874666406,0.0
9755ef0ed8061b46e10ed574815e6685ebbdaff752b1c85e90c62a9df1424aef,2.25.135241889065705954191821710363605596815,hip_left,0.0,0.5033805067263691,1.0,,,,,,,0.3854217068789718,1.0,0.1871273064756661,0.0
af162e1dba307b69587611ac8dbb43f0c7853f381a6d87a4675cdbe6318ad98c,2.25.135241889065705954191821710363605596815,spine,0.0,0.17485031009905294,0.0,0.04679063959921031,0.0,0.03328747124686313,0.0,0.1326743298790847,0.0,,,,
f37e62d5a3e7f4eb8012cf7faf1799e3d60b0a0fd698e285b3bab7328cdcb1d8,2.25.13566237352084812982996047541944701548,spine,0.0,0.20270054612856706,0.0,0.04366880272550471,0.0,0.04599868426184647,0.0,0.24301402515075568,0.0,,,,
430a92d6a5b1eb0b40327c97dca3cd3cca2b5d057bd1abf7cdd1ca02d04594a4,2.25.137344827330550141320158285144101816664,spine,0.0,0.61147982016183,1.0,0.09790681493868213,0.0,0.034668735584787364,0.0,0.8213968091952374,1.0,,,,
ad38a319b0f8399bd632d395f1cde86c8d1538c727b93bfaa442262b45bd3b84,2.25.137344827330550141320158285144101816664,hip_left,0.0,0.19412028188063624,0.0,,,,,,,0.17450823638049662,0.0,0.02119059319646133,0.0
def2cd6f67ddd8f49aea84cbacbd14c2bf7614a9df74af0ae4bfc792f5fe201a,2.25.137344827330550141320158285144101816664,hip_right,0.0,0.3657092496551109,0.0,,,,,,,0.24514961669257937,0.0,0.2335483276810281,0.0
4a33b70ccf57175a10e5e9fe6da798a029c2fb76a9a758852f2662d03caa0254,2.25.137675513852774974135210999345676405116,spine,0.0,0.2108645069968534,0.0,0.17757531052250655,0.0,0.04702209714075826,0.0,0.12972436210107283,0.0,,,,
25d533293c3ac0008d3c1a6c6b074b595cd491ddcbe375c4d6621397574e376e,2.25.13983650679559142983913935144968795415,spine,0.0,0.6910902260037629,1.0,0.15325661674590582,0.0,0.04356433678088894,0.0,0.7570262551760959,1.0,,,,
fab4200339d61a023c5cd49dda1a328d2d156b542b4c9e5cd7ed405eb82fffe9,2.25.13983650679559142983913935144968795415,hip_right,0.0,0.17970964796102043,0.0,,,,,,,0.17402880327692258,0.0,0.03040538883227902,0.0
c3234abce93040959aca219725ad89982ce086b384f1e1db54d53920c6401efe,2.25.13983650679559142983913935144968795415,hip_left,0.0,0.13443543408355887,0.0,,,,,,,0.22528947957023782,0.0,0.006460948249738334,0.0
f5ab0376b0f1ce65c818f22c66e941d2e71a1db26f7ee714dcff8975fba30038,2.25.144941557565802351596730914409170713112,hip_left,0.0,0.2891443074875123,0.0,,,,,,,0.2427560776099824,0.0,0.035552776979319876,0.0
b29d8dad741820c10cb989d92a8ad17d0737598349999dab26ea8b2f414f8be2,2.25.144941557565802351596730914409170713112,hip_right,1.0,0.500721198190566,1.0,,,,,,,0.41267543400410633,0.0,0.051143390908539144,0.0
0696635b8c45ecb2468dbeda0e4ecd1c6e6e685c072b4aa1da82231128ed63eb,2.25.144941557565802351596730914409170713112,spine,0.0,0.28419370923280224,1.0,0.013867360175388444,0.0,0.1042052958931839,0.0,0.12979189769626853,0.0,,,,
e86dc01aad471af17c7e189b3981cb9f7b0f8140052bd3a3908b7aeb7f59737b,2.25.145848300160680194368420189079847088556,hip_right,0.0,0.224169074151326,0.0,,,,,,,0.3302479482236695,0.0,0.009641641146977095,0.0
3c6b26fe0671dc771c8e4ee9b7fd720ab78fe59d497f8cafa5166ca51aa175c3,2.25.145848300160680194368420189079847088556,hip_left,1.0,0.3619003453416716,1.0,,,,,,,0.5481454906911157,1.0,0.017489697658583374,0.0
fbf853d1405823825881b9f45aeb0f99b8eb76ecf64a2f5dc33b2b0037fe38fd,2.25.145848300160680194368420189079847088556,spine,0.0,0.1902844919051109,0.0,0.04987639864240633,0.0,0.12844082799258133,0.0,0.05831168782184667,0.0,,,,
d7986bc280d585d4f4aad3be03f96e447afac84d0b42b516177344d10600330c,2.25.151186844055172005615813066162721550889,spine,0.0,0.2160800215669085,0.0,0.006797564517963538,0.0,0.0631312578457235,0.0,0.1970730331068388,0.0,,,,
6e46788862beb15916fd5ef92501a5ef6a6bb205d3a7b504be7721fc2d8f47b7,2.25.151186844055172005615813066162721550889,hip_left,0.0,0.30992801009451215,0.0,,,,,,,0.28832332862270493,0.0,0.011273680308124529,0.0
c32472282f03c4bf9eea382f6161155710eca63f1d05806e526a4b01a5a6d1bb,2.25.151186844055172005615813066162721550889,hip_right,0.0,0.5703374132403352,1.0,,,,,,,0.6702747254414959,1.0,0.02442426405968413,0.0
b55a357188c77882667a1aa3f97ae3ea3d13a476fe2f589c5472679e40a7a35c,2.25.156021661584944120526934974594604520993,spine,0.0,0.4920878942808324,1.0,0.28960712930694504,0.0,0.21103806292556224,0.0,0.12268510099042162,0.0,,,,
40113ad310a57ba71659985bdee7fb06170e969788e7ce3a4231e21abad0a332,2.25.156021661584944120526934974594604520993,hip_left,0.0,0.3496977178295291,0.0,,,,,,,0.4215971404454672,0.0,0.04472571663698277,0.0
61d53bc7f60e0ade76ee8fd9531dff59ba8fad9acd1804e6c75684e69f27488d,2.25.156021661584944120526934974594604520993,hip_right,0.0,0.11268060092679248,0.0,,,,,,,0.1409044896899112,0.0,0.038001784526346234,0.0
b98fc82d81365803c7e5bd1fb5f440e2cc923ed496c858adfc6b55de78ad6b22,2.25.156375884487675936513403083218009333856,hip_left,0.0,0.2324042498449094,0.0,,,,,,,0.29856685564354607,0.0,0.011553553873711528,0.0
e2aa7339c3429066f935760988b4bd3d46c3dcf505a364bdba0c7aaf33160cc3,2.25.156375884487675936513403083218009333856,spine,1.0,0.4607276304992236,1.0,0.0412598362444337,0.0,0.023714179432646088,0.0,0.6897481271048408,1.0,,,,
eaf100d2fc7d5a165c6d363e4cdbf36612669de192494ace76b768281f677bea,2.25.156375884487675936513403083218009333856,hip_right,0.0,0.23600514158072752,0.0,,,,,,,0.4144868752146131,0.0,0.005849593175457739,0.0
4c74769334a192344c860231dcbc525030acc629ecbafe30d59c061704d77e96,2.25.156389075510671877606923458507011517218,hip_right,0.0,0.11084902134161294,0.0,,,,,,,0.18291832340575576,0.0,0.002539222976133765,0.0
fefff8c024a9227966dedcfbdc2e51bb05e6a86556cb0e86fa57c39ae072c72c,2.25.156389075510671877606923458507011517218,hip_left,0.0,0.1191665931946228,0.0,,,,,,,0.1303145804942947,0.0,0.004309324248595345,0.0
b39c9f8a58c255fc14fc97b463033f45cc7493b6da81c2c21c206d4645ec6bee,2.25.156389075510671877606923458507011517218,spine,0.0,0.08469663552450586,1.0,0.08627448291472871,1.0,0.02624606024435906,0.0,0.02648343443513325,0.0,,,,
8193d3a0a6e169fec1f8b7961ca22b4d98307f6d70ecc08f1c1a65f5ae9ea724,2.25.157462338378550185821790046400986801350,spine,0.0,0.38182113601289625,0.0,0.11528275218302468,0.0,0.09400281978828649,0.0,0.37317002826767043,0.0,,,,
7070c308c1b16481210814535640168d7b882b8f298ed76c5a808dc2aad28907,2.25.157462338378550185821790046400986801350,hip_right,1.0,0.28231331572112334,0.0,,,,,,,0.17928953837702513,0.0,0.2317132209716196,0.0
cd33034db237433e8aa062606f68b96383429ffb2823cc855d59cd529e7e5814,2.25.157462338378550185821790046400986801350,hip_left,1.0,0.35365246537223527,0.0,,,,,,,0.2918507403086609,0.0,0.30077014065755503,0.0
a5f04751b6882a5b0435fa6dc97d7b76eb7565f152b4e2590dab7059ac2738ff,2.25.158197739569377798130962967413133224194,spine,0.0,0.28196662720279136,1.0,0.3198377094610615,0.0,0.07063560713227462,0.0,0.1114723401172556,0.0,,,,
d066b4c71a1d99e052036b9c21f813907c45cf75f5569380b9167166970a19b0,2.25.158646777318759504110695916200521633609,hip_right,0.0,0.10645008913531852,1.0,,,,,,,0.1739432122122482,1.0,0.0039173533312944825,0.0
0be2991a294b401f7acccbd08412ae62ce086fd624cb4d99cd18e008204c8d2d,2.25.158646777318759504110695916200521633609,spine,1.0,0.5473738498322805,1.0,0.06946909693250995,0.0,0.0728797638562598,0.0,0.6533947903866544,1.0,,,,
149467528c66bb80200532da272e1e9eb6f3f9af2db495c27da6b2db8d778234,2.25.158646777318759504110695916200521633609,hip_left,0.0,0.08980113544770464,1.0,,,,,,,0.13896713031911004,1.0,0.0032877341410969554,0.0
120b1a3676ce725c949b45965aafea70fe9cb43865d79ef3767beef237aea89d,2.25.159930383074323525630608416881201447861,spine,0.0,0.2681563992932831,1.0,0.3290387725602675,1.0,0.05722544073346536,0.0,0.05650484901311048,0.0,,,,
e8470f1d225dc4d35df701928b3eca8301d6c216dea123d41d6b66ef925948b7,2.25.164566280810634620154538016595892212884,hip_right,1.0,0.758019626139692,1.0,,,,,,,0.7122734666907959,1.0,0.003162634600940793,0.0
9becbbba3880f1ee61e06858668b2056e572b744f82605355971acc945458adf,2.25.164566280810634620154538016595892212884,spine,1.0,0.37936795925990446,1.0,0.44233820706980187,1.0,0.08894090789537622,0.0,0.01857240671284615,0.0,,,,
53c07182f5ba45ac51f81417e90db9dc9cd225f6fc9c34f0cd48227c42e5d36e,2.25.164566280810634620154538016595892212884,hip_left,0.0,0.3894304344184201,0.0,,,,,,,0.3480448546002101,0.0,0.001390632341163943,0.0
b855f117f4f6bc0efab6d1fb8df57bc18ad79644a95a1f068837e1695306b0fe,2.25.165091430504580219034019815337441064349,hip_right,0.0,0.4298580654949515,1.0,,,,,,,0.2639385892463904,0.0,0.3630916968051762,0.0
7ccc08e3e4e0f5b1baea701b0ea1690cb4807e786ee4fc84caa99e6c99ab815f,2.25.165091430504580219034019815337441064349,hip_left,1.0,0.2236245131520351,0.0,,,,,,,0.15542568912899346,0.0,0.10832941653686584,0.0
423d0c3161d6c8604726947252f25c09db0f982dfac4d14a85c607df00f67748,2.25.165091430504580219034019815337441064349,spine,0.0,0.49395556190642376,1.0,0.24029000718257368,0.0,0.17766468571783903,0.0,0.3951853093987545,0.0,,,,
cfd6d0e8f61598c691913efe7dfcc335fee3577ef71ba3ca6ca64c50122fb2f2,2.25.165355673991587715046346525964554729786,hip_left,0.0,0.31868310269350497,0.0,,,,,,,0.3978469794069035,0.0,0.05828132957387891,0.0
f6f7d39fbe9e7bb4bd9bdf29859bcf9f7605e318fe2878d1c6bf53773e866969,2.25.165355673991587715046346525964554729786,spine,1.0,0.4080389214182103,1.0,0.029464232155365536,0.0,0.01682146393172414,0.0,0.6426328480906829,1.0,,,,
f859a1c678349ea296e5987376f7896cbc25e5a0b8b1ffecd90f43a182a441f2,2.25.167344201679287285499405412654740659745,hip_right,0.0,0.1838184850971,0.0,,,,,,,0.254786120465378,0.0,0.04591816868309368,0.0
d41bce5afe5107cb115f7c7ca640178174d069cdb54ea9fd5aed0a760eb6b919,2.25.167344201679287285499405412654740659745,hip_left,0.0,0.32660710551714683,0.0,,,,,,,0.32105389177135163,0.0,0.1724063856783533,0.0
b0aff9d9db00facb99f363e4400aa83cc5eba2557c2b6376c93933af3d070865,2.25.167344201679287285499405412654740659745,spine,0.0,0.3830438493336299,0.0,0.41496849648771206,0.0,0.028995168274176336,0.0,0.08862672775619822,0.0,,,,
6185d5cfd304634bfde297b4204dfd39ca2344eb5bb0fcd7a750699cf9e6eb57,2.25.16773626720107440979805052259711419763,spine,0.0,0.44234701802749377,1.0,0.4574183288317109,1.0,0.03608657470678517,0.0,0.036633380621719856,0.0,,,,
7d52bf153b156b6d3029e7fbf94e5a80ec89b21c7a68edd2826051f2bdee88c6,2.25.16773626720107440979805052259711419763,hip_right,0.0,0.10697509472638193,1.0,,,,,,,0.15654289135539415,1.0,0.04726175910251684,0.0
a7758745c7980cb957fa011dcaf793d3d691a2a5f2b22177e79b1532fd7d5719,2.25.16773626720107440979805052259711419763,hip_left,0.0,0.16385116658085863,1.0,,,,,,,0.19898366528216085,1.0,0.06336599242843033,0.0
a5c8e67d273cbd53e2d2d3030c785397db1a1f55416d4d88c5f41de5040d1223,2.25.168317503020329569414190677927680518621,hip_left,0.0,0.1492917988191719,1.0,,,,,,,0.182277068872617,1.0,0.04575151353420764,0.0
2f3339c40bcceaae092badb4c3b06225b86e00f3b0643ba52b9ef71bb2e08948,2.25.168317503020329569414190677927680518621,spine,0.0,0.38788415597444165,1.0,0.16258248752129728,1.0,0.20862886100860412,0.0,0.016395519541999918,0.0,,,,
2f434995ec9d808997700318800d3008d3876f6d4393afaf7405a52616f852e9,2.25.168317503020329569414190677927680518621,hip_right,0.0,0.13534955009902283,1.0,,,,,,,0.20010005176790432,1.0,0.008815658360774815,0.0
bd2782f80d6f389512c89c4b7cee804198f240acd0224707efa24210e0268759,2.25.169242707068684757906797344800977707240,spine,0.0,0.2603095768824613,0.0,0.021557025889238135,0.0,0.017681034307231443,0.0,0.3921399589641994,0.0,,,,
0d78b5746d19c093271b2738771569ab2f7237070ae6dec9a9ba3bd7219cefef,2.25.172445998420765569384934552191547932566,spine,1.0,0.5596628221388136,1.0,0.12510654360045065,0.0,0.22705274917750443,0.0,0.38783389361446613,0.0,,,,
6b71212a779ff5bee277c1a606c4deffedff1b28df5d7f07cce14b3f41b336b2,2.25.172445998420765569384934552191547932566,hip_right,0.0,0.187986633581968,0.0,,,,,,,0.2954070022141119,0.0,0.008757263097813835,0.0
ff43ac66ed784a983f6ba8f4dd22b89024267a500914f517cd4bba808e2e361f,2.25.172445998420765569384934552191547932566,hip_left,0.0,0.1652558859901655,0.0,,,,,,,0.2181221248678633,0.0,0.0031183818642639325,0.0
cc497c04c24239602158e2a7f81a9184462331ec3002a91c43bc28f1e3e5cc01,2.25.173731186748227489808861376513577450951,spine,0.0,0.12477118719220205,0.0,0.011342272014849155,0.0,0.1122763563472405,0.0,0.05223586519458165,0.0,,,,
41f153b531d19808014ef10d485b117e0e3b5d47f5429960aef95c84a76773ce,2.25.173731186748227489808861376513577450951,hip_left,0.0,0.37503635085255843,0.0,,,,,,,0.46069143673699386,0.0,0.14181580008468225,0.0
ba7b2727b02a3477a03158f8de837e300d0e5c33f4c2251df55f0042ba58b3a8,2.25.173753313169335820519632380691065649420,hip_right,1.0,0.5694125369213392,1.0,,,,,,,0.41174537293970487,0.0,0.31851869001697863,0.0
3eb736af47c8f8a960b02519837683058abb030974f6fecee542126d96260cba,2.25.173753313169335820519632380691065649420,spine,1.0,0.2220285380292697,0.0,0.01555990790171436,0.0,0.06486917493991379,0.0,0.19595625553616125,0.0,,,,
4cc674b8aba9a13bc5abbf72026d4c9da6821be3deeb963ec500daefa594720b,2.25.173753313169335820519632380691065649420,hip_left,0.0,0.41695732940309504,1.0,,,,,,,0.36338785231421095,0.0,0.15178058891828733,0.0
f5a0146ec5fef68eacc72f7c828ef9556b8a7b7e23d63dcce9beeabd197653f9,2.25.175881661753775295785039265792986971602,hip_right,0.0,0.5009302461054913,1.0,,,,,,,0.38311525762931997,0.0,0.25826832919830617,0.0
b88cd454d2cac2af8762025a5b9b78bfba78eedbd3aaeb466b6203324ee952e6,2.25.175881661753775295785039265792986971602,spine,0.0,0.34217245265431445,0.0,0.06002540950595416,0.0,0.11645609549644564,0.0,0.2983885910955739,0.0,,,,
e62f1e8765822d433cf5b290a1e295d859668a125a8700d92c4aeee6e241e2b5,2.25.175881661753775295785039265792986971602,hip_left,0.0,0.4279358040694663,0.0,,,,,,,0.37668751908144177,0.0,0.21324126063069726,0.0
9fafeb14c1a14c669a3de00646e0cc543f5953de2e8eb033b88f914fca47c14d,2.25.175903805423871105435148927871625232853,spine,0.0,0.08381820407223821,0.0,0.06779134858755596,0.0,0.01991916953903138,0.0,0.11574584327850705,0.0,,,,
e56120d0d98ff73107d9305f0bd73d23b4921451a23afeaf60dac5ce8186ddf5,2.25.175903805423871105435148927871625232853,hip_right,0.0,0.15391819121316722,0.0,,,,,,,0.08376286920979979,0.0,0.1145664598914498,0.0
0d16e21d00c0fe2e000205c402a97729018d611a5e02a7ae88955e2bb15426fd,2.25.175903805423871105435148927871625232853,hip_left,0.0,0.24698326427257258,0.0,,,,,,,0.2511377034559073,0.0,0.02220033363112543,0.0
95bd3c45179634bfcd1354e29b03f578934bd40dd8c1c391de227d7964dac984,2.25.17706555930735581384953296958427669848,hip_left,0.0,0.43993188166644376,1.0,,,,,,,0.4141578060264197,1.0,0.057849665766648774,0.0
d3020f72455d52f346a44428ce59317c3179114110d76298e740964a8efa59ae,2.25.17706555930735581384953296958427669848,spine,1.0,0.5469381304306656,1.0,0.15563984037017423,1.0,0.2597236184972543,0.0,0.15918176842695522,0.0,,,,
d379ade14079d380a4d77e6416c25b37428aed5478b5baf82c5e998dad4142e5,2.25.17706555930735581384953296958427669848,hip_right,0.0,0.4241272072278335,1.0,,,,,,,0.3826239670454414,1.0,0.052042304900798614,0.0
3e8f98bcb803f0e7beb59721bcb24a7378be8585a6a6c80713ab40a069291631,2.25.177745077805190810016231350557005569203,hip_left,0.0,0.855942328273811,1.0,,,,,,,0.8345642532719708,1.0,0.3516194408956976,0.0
ad4efb01f2b6b0101d19c127c4df5aaad247fa3978a9222db318b10a7f92fe39,2.25.177745077805190810016231350557005569203,spine,0.0,0.43946319464871914,1.0,0.007469501256076153,0.0,0.12192499208212008,0.0,0.47801494233531683,1.0,,,,
145760e222f09e01464a4f869ffac9227adc3ef89137c40ddcdc028a7fe395d4,2.25.177745077805190810016231350557005569203,hip_right,0.0,0.5617924464532649,1.0,,,,,,,0.6232207852205457,1.0,0.2680198080373024,0.0
c80a33f46c58ee571f9c0cb931bf611cac4ea94457ac880a23312485c9fc2da1,2.25.178533355209696795441380751187185128893,spine,0.0,0.35138744770138697,1.0,0.02714388058207842,0.0,0.25560946397806755,0.0,0.24400211813140948,0.0,,,,
60feae417b1f4f4981f158323354a8329fa3c8909aaa0e527a7ff06691d26f90,2.25.181196659018348153828200695057897449628,hip_left,0.0,0.14948879195026057,1.0,,,,,,,0.13548637942113623,1.0,0.026451199704197226,0.0
bdf23ca4504586051ea9e5e3147fd9c3daf68e4138f1011927734fb14e7260ed,2.25.181196659018348153828200695057897449628,hip_right,0.0,0.15134678267981608,1.0,,,,,,,0.15225908730839607,1.0,0.04812282327222778,0.0
4dad1b9c5e591111ad09285998dc99adbf61cc015cd77b7c8fd93aaeda75758b,2.25.181196659018348153828200695057897449628,spine,0.0,0.24927912057917054,0.0,0.00175027124540962,0.0,0.12265724554914832,0.0,0.15373692398052932,0.0,,,,
f673b2b4385b7f147ded722d00d4f94725468fef73c53dec8ecc8ad4397f4826,2.25.184198356665635336833172191504278054074,spine,0.0,0.26906095219496523,0.0,0.009696379290254561,0.0,0.16972325807387945,0.0,0.13196699893432398,0.0,,,,
a9e22db120a26e8100bd09d801037e622d083530b93ff41622e30593b81fcb30,2.25.184198356665635336833172191504278054074,hip_left,0.0,0.18695129221851461,0.0,,,,,,,0.2020963733184958,0.0,0.0029260290645533437,0.0
33bb100b7ef901a86ca62d2fc4d77d438d377ec292ff04fdd8c9bf370b4a9a13,2.25.184198356665635336833172191504278054074,hip_right,0.0,0.3156096829076394,0.0,,,,,,,0.27078185718998926,0.0,0.00579992300359681,0.0
49145a5b4ed3bf477b96670646cef4c6ab3c6ddd05dd181e6b9d9dfdfc727ea6,2.25.186201010600484120326273381077449377115,hip_left,0.0,0.12499083003533305,0.0,,,,,,,0.15032489268092405,0.0,0.014386029578903706,0.0
54ae740e6722d027ea47d5a09351504923dcbdeb04506f91fec9c8490862da7b,2.25.186201010600484120326273381077449377115,hip_right,0.0,0.17710024860708015,0.0,,,,,,,0.14534897319053106,0.0,0.035069385097663476,0.0
0fbde60073ee38d0b50c041b38e962b0c6405aae20953d74b87f0d6c8a2caa21,2.25.186201010600484120326273381077449377115,spine,0.0,0.18754752543378406,0.0,0.014549869805075813,0.0,0.07383226379436165,0.0,0.2733124567471358,0.0,,,,
b248b09e814a1817c9b573de854b4e0d456030b4deaaaf77d01cfdd4904aa5fe,2.25.190331309633057244929837507901317950031,hip_left,0.0,0.38258468020492636,0.0,,,,,,,0.3640123260727404,0.0,0.20546102273324948,0.0
7205cca2acb31ccfe3db48752112d3e1151ac55f30c472f43ca7ec5778db12bb,2.25.190331309633057244929837507901317950031,spine,1.0,0.31267466256214316,1.0,0.03256140288346432,0.0,0.15890026678681599,0.0,0.4058695681611133,0.0,,,,
76f98fb4a4a9e07162de0ab2acffba3da45cfd5ac7dc55ae424c5cb6373e6791,2.25.190331309633057244929837507901317950031,hip_right,1.0,0.5700226517253589,1.0,,,,,,,0.5235815942851065,1.0,0.1650472955813329,0.0
bd974819d5eea273f54f14750ee9fed28191a89aa6b07fb38a478f9ceb219561,2.25.190807933410234695931591553323782771995,spine,1.0,0.6182545357357999,1.0,0.09912720029864071,0.0,0.033176101076294956,0.0,0.789213031028162,1.0,,,,
cc1471bec4b7fda41c657b0cc0fd52ab0fbf89288cb85e93e44977203dd82537,2.25.190807933410234695931591553323782771995,hip_left,0.0,0.15385986178480918,0.0,,,,,,,0.20959563413485358,0.0,0.003889546475100395,0.0
642b5ba6db5f0b000cf11cb7dbf08ec2221857b58dc49af5484f1c6aca9061d7,2.25.215177279960644564778148238928738915103,hip_left,1.0,0.16058108456795694,0.0,,,,,,,0.17145170674408847,0.0,0.011705479937790695,0.0
f209d927e192f13273503024439eebd7dc8b7c2edccc664878234e057be4f0f9,2.25.215177279960644564778148238928738915103,spine,0.0,0.5058862476780915,1.0,0.18715984504631775,1.0,0.3433701834886645,0.0,0.0288836894331197,0.0,,,,
cccd7ccc49736e4ca4bbdb4e1c59179404ed3da663c19ceae9a8a6fe99916a41,2.25.215177279960644564778148238928738915103,hip_right,1.0,0.1428916286936266,0.0,,,,,,,0.16464753168394627,0.0,0.01672744180553251,0.0
836de3a47850f3a6178588de00803d370d8e4d2dc4945f537d5c87676d2f13d0,2.25.217397325224876728316360420804118329081,hip_left,0.0,0.21542064936025485,1.0,,,,,,,0.2665186409193417,1.0,0.030258664507458812,0.0
48c4a5deccc8f715e271315a3cf3f6ae3776637f8fc1b1032f2adea34ede6bdc,2.25.217397325224876728316360420804118329081,hip_right,0.0,0.3082534432580766,1.0,,,,,,,0.2065751864922405,1.0,0.11285530310008357,0.0
6802fe7fac196615782b998ec8c543b6bbd3de1978eab74f8cc767459cf80994,2.25.217397325224876728316360420804118329081,spine,0.0,0.26426336918924914,0.0,0.006970392550802254,0.0,0.11901084142088884,0.0,0.3398854423123259,0.0,,,,
00dcb6c1ea9c22eac964e432bd5a1b5dc6b3e73e526614bc6cd4f7d8106d90b2,2.25.220866240977467582196609708837940253840,spine,1.0,0.6879960875312188,1.0,0.23210417745907422,0.0,0.5696093107031196,1.0,0.18004660722315013,0.0,,,,
f0fad0c58cd55dcab0ed8da4b40af96462f484249d1e0252bcc785582592dc99,2.25.234651502352368356456298825489565282446,hip_right,1.0,0.8328167903080823,1.0,,,,,,,0.8490944612072112,1.0,0.20035544507924952,0.0
e262075d1d5f5ea739889e835f26043ffc0b997d8033221fc06d81cc79f66217,2.25.234651502352368356456298825489565282446,spine,0.0,0.1345418228477276,0.0,0.05977897711801152,0.0,0.030521312012811355,0.0,0.09276805856368082,0.0,,,,
520944684fb6cd5b54f6b4b32e63a62e0dd5ed91d9d4e5a1d5e04e831d18b68b,2.25.234651502352368356456298825489565282446,hip_left,1.0,0.8851163038364259,1.0,,,,,,,0.8258942342354022,1.0,0.5581565436665751,0.0
f07848728e844f2aa731d0653e53484b0580ee2ed03e1a4bae239585c37660fc,2.25.247714038039430659432048101646401574824,hip_left,0.0,0.06714512056584176,0.0,,,,,,,0.10290380007894405,0.0,0.0010341269923719854,0.0
aa14eb5056d6f71db2633fa17fa189b71df483996b7b22b48c4f9e5f2e49e0eb,2.25.247714038039430659432048101646401574824,hip_right,0.0,0.11151748999434431,0.0,,,,,,,0.18200319974391474,0.0,0.012382969756168018,0.0
2bc41cbc3e2fd8a0a5bb5377640f786088662acee99e8a5d39c2915b9a4a36c4,2.25.247714038039430659432048101646401574824,spine,1.0,0.8333849116206412,1.0,0.4442377935312806,0.0,0.030276635173099652,0.0,0.8876044929559427,1.0,,,,
e97d21e28a396af3b41c625a2800331e27758134d0c853530f7428914d1b7875,2.25.269648774413746842548908998641183395622,hip_right,0.0,0.23115538114622827,0.0,,,,,,,0.27296760328318553,0.0,0.0706442338698041,0.0
d05ddc577f7436de8e210aec062fdb6b75a93c10b7ebc60582d2a60d9c3c68be,2.25.269648774413746842548908998641183395622,spine,1.0,0.6058081529275677,1.0,0.0401809470901725,0.0,0.13793255807870597,0.0,0.7516955954792293,1.0,,,,
3fcfd2e7d899e787fed2d75ea74993b073997f8329c700d12da8432905e60b6e,2.25.269648774413746842548908998641183395622,hip_left,0.0,0.5154227577804632,1.0,,,,,,,0.49444817467485597,1.0,0.1770830034508882,0.0
0c373c838b3e8a99180a5efefeae728b6706bb092f95f288ca54409fce5cdc61,2.25.269742577365511543488820993979123763373,spine,0.0,0.4414262711954759,1.0,0.08926193189338116,1.0,0.22534660994581204,0.0,0.16565870400296517,0.0,,,,
3f20dc3cee1e5c1bde68147096abf1f9d09c857b5547d7e1b35550d1607e5a94,2.25.272690031744216183651627058502316132741,hip_right,0.0,0.1629397712389731,0.0,,,,,,,0.11502790493986448,0.0,0.004505240914916647,0.0
103b49eba17626ed317c41905900b10cb3e055aefd901d03d7b1cb32b48f913c,2.25.272690031744216183651627058502316132741,spine,0.0,0.6453887938914001,1.0,0.607856829811836,1.0,0.24684293409583966,0.0,0.0639668804420812,0.0,,,,
3ffe133675ce1d79c5ad95da989656cba50ca7be44f3c7d30f1e8ab13978ea03,2.25.272690031744216183651627058502316132741,hip_left,1.0,0.19508147200223577,0.0,,,,,,,0.21324631788176596,0.0,0.006177181065348247,0.0
e4710d493785286035fd4d22ea62f3a7d00dc0a6ad7a9259026e2d1712016431,2.25.276415754443998872860614500027519740375,spine,0.0,0.2543162458552156,0.0,0.09118997804755631,0.0,0.03644889523894695,0.0,0.08204805745797805,0.0,,,,
7c453eb122acc63f75bf1c1f5602dfe10f3142493e154f0545b8d158634ab46e,2.25.276415754443998872860614500027519740375,hip_right,0.0,0.08314039915292619,0.0,,,,,,,0.1493599428348856,0.0,0.01399991166751984,0.0
6ccbbc67edc6bd2d35349f2ef33e2cd1b876ddc8b7358360c76edb5d7172a161,2.25.276415754443998872860614500027519740375,hip_left,0.0,0.13997734445390497,0.0,,,,,,,0.16866802874379663,0.0,0.011136702207015329,0.0
129aa062b5d71f04940ffd40c6c53a615494fb76803fe5f3093b60f4237f2af6,2.25.277752758923974029595977676354128739670,hip_right,0.0,0.19186990777323285,1.0,,,,,,,0.22618409107533796,1.0,0.052483337442853745,0.0
a7fbe99e09c0efb68f702367742e6f3b80e386bfd4ba2c764e66a587c2a239c9,2.25.277752758923974029595977676354128739670,hip_left,1.0,0.21122569610036923,1.0,,,,,,,0.24801982719252588,1.0,0.09642010607914869,0.0
8d626d0cc79e0a50fe5806e39556135c5f6f86c1dbb520d6164e399ad4ed1c97,2.25.277752758923974029595977676354128739670,spine,1.0,0.5342005974994961,1.0,0.03233263188728324,0.0,0.049732101401118334,0.0,0.7365083290913069,1.0,,,,
ca14aacb4b2141249de3fe6600767d807dababbb4f390b5a22d342973bf655b6,2.25.286999464611662854355201599068538813496,hip_right,0.0,0.21675116191278662,0.0,,,,,,,0.14123622827389556,0.0,0.0815910111773922,0.0
3a489bc9571533cc007615280261ebd601582b44ca114a3737d3c712202ab2af,2.25.286999464611662854355201599068538813496,spine,0.0,0.3765357330790211,0.0,0.45182722541697373,0.0,0.06377123381275292,0.0,0.20110693360373574,0.0,,,,
e44f36001de67b7c0b5fa38d5dc2b4a173354c33692710a190a522a7739b78c6,2.25.286999464611662854355201599068538813496,hip_left,0.0,0.1610273317380686,0.0,,,,,,,0.12777726512836793,0.0,0.1147537167922358,0.0
8904ad5ebdbf101745b40d63476d95b52848d127b771d5455212a15a24d3eb2e,2.25.29638026465755240167985424461715024381,hip_right,0.0,0.15110815444827655,0.0,,,,,,,0.20030425887535866,0.0,0.11154301739232693,0.0
b3929033ab4b9cc0b61ab50df6b60bf47ec83f663759854faea42b449edc358d,2.25.29638026465755240167985424461715024381,spine,1.0,0.34086470568516586,1.0,0.5489072540908685,1.0,0.04850719704431356,0.0,0.09908380180889463,0.0,,,,
d20f62773eab1606e11fa7b1fa9d4314f59118c2a9fdc209e9f7a71e028be516,2.25.29638026465755240167985424461715024381,hip_left,0.0,0.21944323245836564,0.0,,,,,,,0.2511617843135317,0.0,0.031043326872027308,0.0
74964ddeb13375e2ced0b6511e03c82ec5c90d4e2d4e0af0636ccfbd747b0c62,2.25.306921081709806079165809721263236241032,spine,0.0,0.16537425174001033,0.0,0.18723921282075404,0.0,0.034702973940793684,0.0,0.10352373416254619,0.0,,,,
5cd08c988a9befbb61ee9ef90a481fad73a2e7db4f92ab1d39b34b0caf3ff710,2.25.307021710202910067378603383388989711646,spine,1.0,0.3527672065030633,1.0,0.05054994701598339,0.0,0.013783765604572444,0.0,0.6175743230829386,1.0,,,,
db2373db9d639da33a955143f2b00d957570ffdb5035b83cf10c29dbd9518ba0,2.25.307021710202910067378603383388989711646,hip_right,0.0,0.32096691184568527,1.0,,,,,,,0.4336439414050404,1.0,0.05393302163390421,0.0
92076e94c515e124f6e0655801b61b1d7d6ef9bd822862e17c38e698313c0ea2,2.25.307021710202910067378603383388989711646,hip_left,0.0,0.4844162991927578,1.0,,,,,,,0.47134875960591494,1.0,0.04071842686899645,0.0
5f98a3c68cfc9e80ffae9b306acf04fc58e899ec5a8a072aab4027767a517c31,2.25.309085571913348252136520206003694446566,spine,1.0,0.24767891601172076,0.0,0.1464163139292433,0.0,0.1065170667999809,0.0,0.06617798177427363,0.0,,,,
44a43e8ea2a350c5a5785d2a757e561fd69ea2149ef0719e7ea98a865434ab2c,2.25.309085571913348252136520206003694446566,hip_left,0.0,0.11476359565738965,0.0,,,,,,,0.20559190003832997,0.0,0.005751321303090221,0.0
13045f2c975dca19b7049370672d91da375c6289908c9904290ecfebddf28f47,2.25.309085571913348252136520206003694446566,hip_right,0.0,0.19308312695204677,0.0,,,,,,,0.3072432740555409,0.0,0.005282747579490862,0.0
e80c6883eeb2e81ee688d02b10c49d60f31e91a6ad67ebf5d52e628d3b835e2e,2.25.314147167453134440746270747484612743945,hip_right,0.0,0.4081572477955063,1.0,,,,,,,0.1696718608351306,0.0,0.3745038495877868,1.0
9304083d4eaf154f5c548e295db833bb9f41a036f1d08d4a3fb8d61d25ece12e,2.25.314147167453134440746270747484612743945,hip_left,0.0,0.3503553264689427,0.0,,,,,,,0.17346917909270165,0.0,0.2192136229606402,0.0
13350cb2864b95134bb46581c4bcf28fd75a22cda87e45371cc04096d238198a,2.25.314147167453134440746270747484612743945,spine,0.0,0.13116260396788543,1.0,0.11704788738106997,1.0,0.027746897772707266,0.0,0.0842053286499231,0.0,,,,
122807a3c20178787bd04a1d4d82c47352ac935e49f0d67385dd67b58f214aaf,2.25.322202456901330781765399791024580391565,spine,0.0,0.17795376369009394,0.0,0.016049984458036032,0.0,0.06102168250188484,0.0,0.19712675685957085,0.0,,,,
c52de557c3ce206c485b61a639d8be097e602569883a49788418e949eadf21c0,2.25.338439598607961312040815816824093323492,spine,1.0,0.48897172320056087,1.0,0.03853102406724363,0.0,0.13894117028071093,0.0,0.5289632178424167,0.0,,,,
04ec94416f455c9ead920a95f2496d18c8bcd73fa3520ebed4348b50bb7bd3c7,2.25.339027809107632348165171236474821772940,hip_right,0.0,0.45187423965202006,1.0,,,,,,,0.47014508000650396,1.0,0.0032176805898155407,0.0
f67b9e476d1d9eed9eabda39f5e9fb871f046fb10e1e3911b50661ea525552e0,2.25.339027809107632348165171236474821772940,spine,1.0,0.2948488402605329,0.0,0.026084100111448693,0.0,0.26599188297827714,0.0,0.0381036923814572,0.0,,,,
df8918bff604d56aa70a8055e4c35c2b79cc1d9954b83e4a419f8f01507b924d,2.25.339027809107632348165171236474821772940,hip_left,0.0,0.3778667842287164,1.0,,,,,,,0.3839178878603704,1.0,0.0033311190762797525,0.0
a1fc5a15ec98660b93ecb9d61fb19a1239b1c5cc94840fcbcc76ac7aada5edb8,2.25.340839477910528898406207279980417945,hip_left,0.0,0.29830804020889085,0.0,,,,,,,0.256111368232757,0.0,0.0015319379526871225,0.0
c763a1f169a8728e76db729cde200bd5fe5efe6175fd60eaf8976c95172536cc,2.25.340839477910528898406207279980417945,hip_right,0.0,0.2786486363995633,0.0,,,,,,,0.27173860725207,0.0,0.0036921108746168865,0.0
85e6380406597c8464bb085bf234e915a7923e51894778b8585945ef370304a0,2.25.340839477910528898406207279980417945,spine,0.0,0.1495837109848898,0.0,0.13064093583299785,0.0,0.07036943181752735,0.0,0.05783854905312533,0.0,,,,
07504a18fc5ad91be405dca4a73bfb5fcd1f2c33f854c41e8365ae7ffd64313f,2.25.37515662379281069436632838996073181551,spine,1.0,0.46147889520303487,1.0,0.2357998842718397,0.0,0.3714397188865268,0.0,0.16505597873962854,0.0,,,,
b01b9ef803e2a7dc4980503d5184bc39a366448aab0a5c0a508b154668549c7f,2.25.37515662379281069436632838996073181551,hip_left,0.0,0.20537237333198788,0.0,,,,,,,0.15125861700392879,0.0,0.10111053634677569,0.0
292b1967e9b91f3bb022f2dc488e52d5b355150cca6c67677d261e2bd0917dc3,2.25.37515662379281069436632838996073181551,hip_right,0.0,0.20535042915138968,0.0,,,,,,,0.2871753962438654,0.0,0.08804800557142162,0.0
a3c77eb4fa2cfd994d87dde0c14c2499212bf223e8d9bcd1030881814dd48101,2.25.39068163399801173920284179500049527111,hip_right,1.0,0.7001354009468076,1.0,,,,,,,0.8054719008931371,1.0,0.27386893587924854,0.0
d56ab9d226dc5adf0a83978fdc747b5604840b6c7a96292d86ddc94f057340d3,2.25.39068163399801173920284179500049527111,hip_left,1.0,0.6194801298320808,1.0,,,,,,,0.6296411895583306,1.0,0.23263651863069376,0.0
c869a9dc7993219e97d39a9f6e8920c978d2470469f45bccea544d1c837d5941,2.25.39068163399801173920284179500049527111,spine,1.0,0.18178090266856436,0.0,0.029833348249826,0.0,0.08863693604003503,0.0,0.06952478733287937,0.0,,,,
8fa00d3bce2b8e3f71b137e8fca189b99f359a7ac77271ef5824f3421ca77c02,2.25.48906424954135283790354958243772558962,hip_right,1.0,0.2532117151691069,0.0,,,,,,,0.32790453954899296,0.0,0.0007914896112535107,0.0
14b58ec96c8dd899df6e52f9a76ed3c48f6902da79f74c7aa3326feefa6f94e0,2.25.48906424954135283790354958243772558962,hip_left,1.0,0.17723254063018037,0.0,,,,,,,0.2620405190592357,0.0,0.0025466066445988646,0.0
9d178b427dcd243f153fcb6973e72ba03f96f51a1335425bf25bcf93a45d262d,2.25.48906424954135283790354958243772558962,spine,1.0,0.5512372556337957,1.0,0.023439311726954775,0.0,0.10371105419047856,0.0,0.7793527206880707,1.0,,,,
b03cc5f7b19d4cf40dcccb7aa2342422a16d3ee741cc1db3e656502fcbfec210,2.25.52532476139575422857225834315571570912,spine,1.0,0.36236435227229163,1.0,0.3140219257725166,1.0,0.17372891808716928,0.0,0.07746493369666861,0.0,,,,
bcef46652b8ce899dd04c92db2205623979c695915a5a9a771c9d66ac64626b7,2.25.52982400970721161435951723390541696819,hip_right,0.0,0.1777359111165783,0.0,,,,,,,0.21812632703470602,0.0,0.014771703159648352,0.0
7a657c61851831f46635483610f8cdbf3ea5a137a7504bb4413a9035395ae10a,2.25.52982400970721161435951723390541696819,hip_left,0.0,0.18132218697877445,0.0,,,,,,,0.3027363664026857,0.0,0.015589495496134262,0.0
17fbbbc40d426a7d1d41034f96aff83b4e8771e4592c00b397775c3849b6c723,2.25.52982400970721161435951723390541696819,spine,1.0,0.7664742106637018,1.0,0.8452778664355455,1.0,0.04221669530521869,0.0,0.28352294873708467,0.0,,,,
32ab9a9dc1df08d84a304706d14d810d696554225cbb902261e780bf83e86825,2.25.54396839637320114639948764487283877793,spine,0.0,0.5831783855091197,1.0,0.44223606527555986,0.0,0.17882916009640026,0.0,0.04337637618105269,0.0,,,,
70cd56b9b2bc1213fc9534991816704ec49a9045bbd4caede027a0f8db99ac5b,2.25.59542620917302828428419211045951914336,spine,1.0,0.4777872663096527,1.0,0.22536726788139586,0.0,0.05043359277022421,0.0,0.4279709372038123,1.0,,,,
778e125ffd3b721bea26c90aaef85ca0be7272ec18b38197113fd08a22b77110,2.25.65954778282254353457041255543338557112,hip_right,0.0,0.07286763832075739,0.0,,,,,,,0.0758203019509363,0.0,0.025466801943142797,0.0
b9e2baef0858f9e78d724882146364b3e610554b52dac81e861d0266c309681c,2.25.65954778282254353457041255543338557112,hip_left,0.0,0.07685273602661412,0.0,,,,,,,0.12736965558197275,0.0,0.011170607766951285,0.0
9b42ca6672aa68695d9b93871d232c8655a9e1c2a9adf8df8bb6ea8351c41c6e,2.25.65954778282254353457041255543338557112,spine,0.0,0.21170489709975615,0.0,0.057229717012501215,0.0,0.02868070349922965,0.0,0.24241225547167955,0.0,,,,
7292645cf24d2f5e8273d169a0395ff83bd47d85e1c2c16e9c6e55e247d85f2c,2.25.66397484472966116002950503539482860450,hip_left,1.0,0.7553420445678851,1.0,,,,,,,0.6675540050311503,1.0,0.4448780109148542,1.0
e6b6cd8c5dccbf91bc0ed848784f70ebb3d19ab57ae163dc50ec36f32d3828b1,2.25.66397484472966116002950503539482860450,hip_right,1.0,0.5873168109215375,1.0,,,,,,,0.6430673358177181,1.0,0.005441823666099785,0.0
38700eb729e45dffdc2dd79539d3df6cdd15198a184a11c256cfaff04dcc3b60,2.25.66397484472966116002950503539482860450,spine,0.0,0.0684177740880159,0.0,0.01296876888177445,0.0,0.03397460985467737,0.0,0.05812431968564086,0.0,,,,
ae83fec1c19152c1a56da3b2023bb20f934a3fce32e75242658d5aea188af8a6,2.25.73070100851377917031356937075051545239,hip_left,1.0,0.36513722276275445,0.0,,,,,,,0.228508625997322,0.0,0.128698570049123,0.0
25ff9d64197c835823f83c7191be0cfb4bc43a7f26e66e8020e77b23418a638c,2.25.73070100851377917031356937075051545239,hip_right,1.0,0.46000800152881666,1.0,,,,,,,0.3032881708882376,0.0,0.09684789965650593,0.0
149730af6ad3e22cc0800520ead093b07e3365110343540a2efaf6bdffaecbb6,2.25.73070100851377917031356937075051545239,spine,1.0,0.6435145160606524,1.0,0.3979797546838561,0.0,0.23871590879585658,0.0,0.29889371760601685,0.0,,,,
cb9373f7b6beac6e99ca4cdacde128a0c6a8ebde08aec9a276052580387997e4,2.25.76710355977373089612172037086913478687,hip_right,0.0,0.3659286040117357,1.0,,,,,,,0.383525010290084,1.0,0.08020710854636005,0.0
82f592915f0b20e31a82fa1cf0e574566d2977361096bd6c4a757fb6d5494c4b,2.25.76710355977373089612172037086913478687,spine,0.0,0.2653531497198836,1.0,0.002252457597739296,0.0,0.10367733484875451,0.0,0.14271226455309546,0.0,,,,
fccfab39b29dfceedaa7366c2947dade3723ba4f39619973764bd334a0329d9a,2.25.76710355977373089612172037086913478687,hip_left,0.0,0.1539185680671744,0.0,,,,,,,0.16006564549443533,0.0,0.007614507844509149,0.0
ad5cc956abe86205dae1830e7019cfa7d4a2e4344c87e7a9f6066187c46f1628,2.25.78999454687125053757525542837745968726,hip_left,1.0,0.34383130686446356,0.0,,,,,,,0.3454678946258459,0.0,0.06402829427067455,0.0
fae1ae1e35c13a5fe61874a1e29afb2978415f690b1979e2bad877f896724060,2.25.78999454687125053757525542837745968726,hip_right,1.0,0.5571768856656181,1.0,,,,,,,0.6779946029804456,1.0,0.07176976996070293,0.0
c9f0395a6e5a433fa6802f299c5d5a05b57b5059214a0ea7b0aab83d3446bf2c,2.25.78999454687125053757525542837745968726,spine,0.0,0.373371245024473,1.0,0.034041573882996924,0.0,0.18687036344385258,0.0,0.15779275397319403,0.0,,,,
6652281d5d6c65faeb2be1404750387fa46de01e9491cd1648f04f9fdfba477b,2.25.82912555346523716720160717883917565880,hip_left,0.0,0.24777099952944184,1.0,,,,,,,0.16611609499732324,1.0,0.11964060873411665,0.0
977af2df45fd95a28464b2d16409338e056999b86b7d73d63380c8af06940c6d,2.25.82912555346523716720160717883917565880,spine,0.0,0.23837777975024665,1.0,0.18953990926640626,1.0,0.04813160131616279,0.0,0.14972418764254777,0.0,,,,
541e9aa3aeb8769a355c39106887272d1442629c5369935c17605b200fe71794,2.25.82912555346523716720160717883917565880,hip_right,1.0,0.31591539833568616,1.0,,,,,,,0.45548434530925813,1.0,0.08908100794195285,0.0
3788148dc6ac55fcee49f5ad28e0f5abfaa5d380d55eaffe9ca276b319b1f42a,2.25.87718478011637131470224319788530286374,spine,0.0,0.2836990373194517,0.0,0.3381025611330073,0.0,0.05001660366106428,0.0,0.06794797562304748,0.0,,,,
07bf8aa6f91a48f8b59775ae50c342be263262786169822c8dfbb98611186643,2.25.87869906212286587478854831452123526595,hip_left,0.0,0.07739015292359988,1.0,,,,,,,0.14682533412477983,1.0,0.006117762815500048,0.0
ceea0e016b38c78d1cb6b9e9ed424cd027aabd4234cb8ec9f89191fec448fc48,2.25.87869906212286587478854831452123526595,spine,1.0,0.5994884208001575,1.0,0.10104764011931262,0.0,0.2688739391136328,0.0,0.6338067697837859,1.0,,,,
c42bf001d5c49540c2edc31830e4aa3942bd381f8e258bc5d390263f3fd3b94c,2.25.87869906212286587478854831452123526595,hip_right,0.0,0.2421600886093995,1.0,,,,,,,0.3131670501359947,1.0,0.014574736733491628,0.0
1cb85799580dc33c0fcbee1b34c70bd6d8a7ff76fad9300476aaeb6add273a0f,2.25.91981043841368764114007975581101713077,hip_left,0.0,0.1307098735895693,0.0,,,,,,,0.14851493221877912,0.0,0.0068032991155043245,0.0
00e6315dd44bf19beb2b8d7a4188d6aca617cb00d6f3a367be35cb275c7f3a1e,2.25.91981043841368764114007975581101713077,hip_right,0.0,0.07221222458422061,0.0,,,,,,,0.07641036339617359,0.0,0.02743391018867794,0.0
f464eeb5d292a5e3d86c2bf8b935c663008a82ac6bb2dae9c636c6bb7e186d3e,2.25.91981043841368764114007975581101713077,spine,1.0,0.14697892415381783,0.0,0.057381093811383364,0.0,0.056836480149194187,0.0,0.16867564067219165,0.0,,,,
