index,fold,study,region,target,current_rf_lr_cnn_score,current_rf_lr_cnn_pred,rf_cnn_score,rf_cnn_pred,rf_only_score,rf_only_pred,cnn_only_score,cnn_only_pred
1,2,1.2.840.113619.2.110.512719.20250403090444,hip_right,0,0.2575922423949628,0,0.24013517284295247,0,0.4111940257852156,0,0.06907631990068935,0
2,2,1.2.840.113619.2.110.512719.20250403090444,hip_left,1,0.26432848255965424,0,0.12289423119363502,0,0.21115146618622305,0,0.034636996201047,0
3,0,1.2.840.113619.2.110.512719.20250403092052,hip_right,0,0.45935397857820365,1,0.3608738113242872,1,0.4396700668984444,1,0.28207755575013005,1
5,0,1.2.840.113619.2.110.512719.20250403092052,hip_left,0,0.5206604085155346,1,0.3364680084352033,1,0.37102682920958957,1,0.301909187660817,1
6,1,1.2.840.113619.2.110.512719.20250407113211,hip_left,1,0.3055311388167264,0,0.23985660871422132,0,0.2552483143790312,0,0.22446490304941139,0
7,1,1.2.840.113619.2.110.512719.20250407113211,hip_right,0,0.16900069893316874,0,0.11336307754072278,0,0.16401187530444497,0,0.0627142797770006,0
9,3,2.25.10245777060263212829333021434108890537,hip_right,0,0.5221156995228464,1,0.3921921152597295,1,0.4003772193986945,1,0.3840070111207645,1
11,3,2.25.10245777060263212829333021434108890537,hip_left,0,0.3566067505640637,1,0.17776221587964697,0,0.20659140257247058,0,0.14893302918682338,1
12,2,2.25.102755089973625799055786462646268820450,hip_left,0,0.27232171520499965,0,0.3757108531024348,0,0.14704177113779113,0,0.6043799350670784,1
14,2,2.25.102755089973625799055786462646268820450,hip_right,1,0.29534661589791106,0,0.19646161708381676,0,0.292848280109239,0,0.10007495405839449,0
15,3,2.25.102965897799404973225419898683246248872,hip_left,0,0.22596903039591124,0,0.1386004220314263,0,0.22526157021730164,0,0.05193927384555098,0
17,3,2.25.102965897799404973225419898683246248872,hip_right,0,0.26256605978812425,0,0.1398318807221401,0,0.15187098139402624,0,0.1277927800502539,1
18,4,2.25.103868781101960771917584077315578649178,hip_left,0,0.17959538107797632,0,0.15913500590078855,0,0.2359761740972461,0,0.08229383770433096,0
19,4,2.25.103868781101960771917584077315578649178,hip_right,0,0.2471870580935748,0,0.19878241104433098,0,0.33902586863694506,0,0.05853895345171688,0
22,4,2.25.105033841136787477881326326053319223817,hip_left,0,0.28774133025894,0,0.2833349102393087,0,0.2913695700449168,0,0.2753002504337005,0
23,4,2.25.105033841136787477881326326053319223817,hip_right,0,0.3466843115283908,1,0.31568441721965185,0,0.16450822254143455,0,0.46686061189786915,1
26,4,2.25.11175860580562939441493697221497597640,hip_left,0,0.11577925357548476,0,0.06443388946790694,0,0.12165210623812013,0,0.007215672697693748,0
28,0,2.25.114887542067602662452692698814728642117,hip_right,1,0.4728960664194389,1,0.41880755673707004,1,0.612265266914617,1,0.2253498465595231,1
29,0,2.25.114887542067602662452692698814728642117,hip_left,1,0.2802567080654126,0,0.15620900272925622,0,0.28657074515193237,1,0.025847260306580078,0
31,1,2.25.116822802042655971810859435524105064465,hip_right,0,0.23031412484668787,0,0.13934951447667504,0,0.12221120510240865,0,0.1564878238509414,0
32,1,2.25.116822802042655971810859435524105064465,hip_left,0,0.38231237722435174,0,0.3422998309441893,0,0.1671779943246556,0,0.517421667563723,1
34,2,2.25.122446767306607067205618235949445789306,hip_right,1,0.38792065431475375,0,0.36729428945788667,0,0.4845221453642003,1,0.2500664335515731,0
35,2,2.25.122446767306607067205618235949445789306,hip_left,1,0.20527338899453804,0,0.16404565533776516,0,0.1511401794706357,0,0.17695113120489464,0
39,3,2.25.124890633326693921702195356152595253940,hip_left,0,0.22818346157610972,0,0.15337592457707278,0,0.23598074312287232,0,0.07077110603127323,0
40,3,2.25.124890633326693921702195356152595253940,hip_right,0,0.3257787045021882,0,0.22052293038346568,1,0.4095030710855794,1,0.031542789681352,0
42,1,2.25.126293418391331346694592071563510265596,hip_right,0,0.20668203692196405,0,0.10721453102827602,0,0.20232116093312158,0,0.01210790112343047,0
44,1,2.25.126293418391331346694592071563510265596,hip_left,1,0.7750857637637111,1,0.6788494075646496,1,0.4418806108722115,1,0.9158182042570877,1
46,0,2.25.127126130998341190348103034690069487890,hip_left,1,0.6577205238947228,1,0.7097558413669804,1,0.5506805120394905,1,0.8688311706944705,1
47,0,2.25.127126130998341190348103034690069487890,hip_right,1,0.31810045932909053,1,0.25056626383943714,0,0.2283677144174928,1,0.2727648132613815,1
51,2,2.25.128990540359421489042453547244535073735,hip_left,1,0.3616476726623176,0,0.2620843222973371,0,0.2021783826679653,0,0.3219902619267089,1
53,2,2.25.128990540359421489042453547244535073735,hip_right,1,0.48934630220774517,1,0.5060098858171856,1,0.48961354484232567,1,0.5224062267920456,1
54,3,2.25.129239680100193368599713239115902740628,hip_left,1,0.6420151809960787,1,0.6446583439016543,1,0.6195300668263909,1,0.6697866209769178,1
55,4,2.25.13069823278093578548407087310307113784,hip_left,0,0.4301333082865555,1,0.36722700034091077,0,0.1500408175862247,0,0.5844131830955969,1
57,4,2.25.13069823278093578548407087310307113784,hip_right,0,0.8157877456107157,1,0.8331715152731514,1,0.7789769671329886,1,0.8873660634133143,1
58,1,2.25.132083163398091874662674590622589534350,hip_left,0,0.7124165248660921,1,0.6745430983209441,1,0.606908201924519,1,0.7421779947173691,1
60,1,2.25.132083163398091874662674590622589534350,hip_right,0,0.6830018220838546,1,0.6519240223954097,1,0.448616141540254,1,0.8552319032505655,1
61,0,2.25.132272637351979990811754009849547633391,hip_left,0,0.32725355186996524,1,0.21220309327570958,0,0.3657475933166687,1,0.05865859323475048,0
62,0,2.25.132272637351979990811754009849547633391,hip_right,0,0.19141859822214116,0,0.17662009999619516,0,0.15115662082269557,0,0.20208357916969477,1
65,0,2.25.13325817932854000792938662637654885530,hip_left,0,0.20009235439286766,0,0.2644071146387466,0,0.09033156942879195,0,0.4384826598487013,1
66,0,2.25.13325817932854000792938662637654885530,hip_right,0,0.32405743768767153,1,0.25931244879314574,0,0.24044557348453163,1,0.27817932410175983,1
67,2,2.25.134456506307367483341018281460841912845,hip_left,0,0.32627407342438963,0,0.1900867399172354,0,0.2666558928096058,0,0.113517587024865,0
69,2,2.25.134456506307367483341018281460841912845,hip_right,0,0.1020351818360221,0,0.027796287637455383,0,0.03186574535877482,0,0.023726829916135943,0
70,3,2.25.135241889065705954191821710363605596815,hip_left,0,0.36892954550308477,1,0.21499743017236148,1,0.1482274225896384,0,0.28176743775508456,1
74,4,2.25.137344827330550141320158285144101816664,hip_left,0,0.18738337029298688,0,0.18471841667373096,0,0.11735871179838524,0,0.25207812154907666,0
75,4,2.25.137344827330550141320158285144101816664,hip_right,0,0.2707028549179065,0,0.2569090605141849,0,0.1738565254620709,0,0.3399615955662989,1
78,2,2.25.13983650679559142983913935144968795415,hip_right,0,0.14843482471198666,0,0.14000428700262152,0,0.14492179390352744,0,0.13508678010171557,0
79,2,2.25.13983650679559142983913935144968795415,hip_left,0,0.20590647120417893,0,0.14820621638432946,0,0.24820992194338728,0,0.04820251082527162,0
80,0,2.25.144941557565802351596730914409170713112,hip_left,0,0.2384391569106463,0,0.249141185828459,0,0.04001263385912704,0,0.458269737797791,1
81,0,2.25.144941557565802351596730914409170713112,hip_right,1,0.3866087581265232,1,0.39796766119503707,1,0.0871172526555234,0,0.7088180697345507,1
83,0,2.25.145848300160680194368420189079847088556,hip_right,0,0.2798357034761421,0,0.2470135944438485,0,0.3555242988597801,1,0.13850289002791688,0
84,0,2.25.145848300160680194368420189079847088556,hip_left,1,0.5343386896622035,1,0.3189536223647853,0,0.34374966332935986,1,0.2941575814002108,1
87,1,2.25.151186844055172005615813066162721550889,hip_left,0,0.3137623372189697,0,0.28375301002300923,0,0.1831048075630568,0,0.3844012124829617,0
88,1,2.25.151186844055172005615813066162721550889,hip_right,0,0.5467023539731685,1,0.41437064961400455,1,0.40464485164375247,1,0.42409644758425663,0
90,2,2.25.156021661584944120526934974594604520993,hip_left,0,0.2130561883884732,0,0.1445687777835231,0,0.2293649418761767,0,0.05977261369086946,0
91,2,2.25.156021661584944120526934974594604520993,hip_right,0,0.081417987857706,0,0.07217168554393881,0,0.1383733122363212,0,0.005970058851556409,0
92,3,2.25.156375884487675936513403083218009333856,hip_left,0,0.30740601428618347,0,0.2349194204843732,1,0.36996504879694436,1,0.09987379217180202,0
94,3,2.25.156375884487675936513403083218009333856,hip_right,0,0.4524146395503637,1,0.3207189759378738,1,0.3147982252481389,1,0.32663972662760865,1
95,3,2.25.156389075510671877606923458507011517218,hip_right,0,0.3001578521331148,0,0.16943387003606208,0,0.14106076790046176,0,0.19780697217166243,1
96,3,2.25.156389075510671877606923458507011517218,hip_left,0,0.24699011568137072,0,0.19070236393590848,0,0.18480854122164667,0,0.19659618665017028,1
99,3,2.25.157462338378550185821790046400986801350,hip_right,1,0.3478892064891341,1,0.36435721441561686,1,0.2822220165531103,1,0.44649241227812336,1
100,3,2.25.157462338378550185821790046400986801350,hip_left,1,0.3274223532005372,0,0.26993596156874655,1,0.20693950679955536,0,0.3329324163379377,1
102,4,2.25.158646777318759504110695916200521633609,hip_right,0,0.09065557753754916,0,0.051948967587599246,0,0.07143263802090707,0,0.032465297154291424,0
104,4,2.25.158646777318759504110695916200521633609,hip_left,0,0.08818461472709808,0,0.056485240334653575,0,0.07412858381094267,0,0.03884189685836447,0
106,0,2.25.164566280810634620154538016595892212884,hip_right,1,0.6671226717928717,1,0.725258443572478,1,0.4680680771941287,1,0.9824488099508273,1
108,0,2.25.164566280810634620154538016595892212884,hip_left,0,0.39843595509237667,1,0.49010633890093674,1,0.08249487747490138,0,0.8977178003269721,1
109,1,2.25.165091430504580219034019815337441064349,hip_right,0,0.25603545478098605,0,0.2426302822990299,0,0.04992272905371499,0,0.4353378355443448,0
110,1,2.25.165091430504580219034019815337441064349,hip_left,1,0.17188817030592718,0,0.08348232627600764,0,0.042506029806970214,0,0.12445862274504507,0
112,3,2.25.165355673991587715046346525964554729786,hip_left,0,0.370837820120246,1,0.3293640539380227,1,0.39144380791134303,1,0.2672842999647023,1
114,2,2.25.167344201679287285499405412654740659745,hip_right,0,0.2927276510531673,0,0.18478496383086643,0,0.24715568887522962,0,0.12241423878650325,0
115,2,2.25.167344201679287285499405412654740659745,hip_left,0,0.3113451325404852,0,0.24313967409079523,0,0.23139056058789023,0,0.2548887875937002,1
118,4,2.25.16773626720107440979805052259711419763,hip_right,0,0.13353958356001125,0,0.03792660489919042,0,0.05947306923992079,0,0.016380140558460047,0
119,4,2.25.16773626720107440979805052259711419763,hip_left,0,0.17093583106926294,0,0.09876239146840526,0,0.1504105130210148,0,0.04711426991579572,0
120,4,2.25.168317503020329569414190677927680518621,hip_left,0,0.15340755983722498,0,0.12166757115709556,0,0.1883346577990538,0,0.0550004845151373,0
122,4,2.25.168317503020329569414190677927680518621,hip_right,0,0.15885957357162472,0,0.13344255329238586,0,0.2112770541939055,0,0.055608052390866206,0
125,0,2.25.172445998420765569384934552191547932566,hip_right,0,0.2628698455965828,0,0.16936431971560287,0,0.23071592801387736,1,0.10801271141732836,0
126,0,2.25.172445998420765569384934552191547932566,hip_left,0,0.1864038712070926,0,0.11535579008362461,0,0.16334642762099966,0,0.06736515254624956,0
128,4,2.25.173731186748227489808861376513577450951,hip_left,0,0.5327828344363411,1,0.4720110451325731,1,0.4443318438087334,0,0.4996902464564127,1
129,1,2.25.173753313169335820519632380691065649420,hip_right,0,0.45092427815011454,1,0.5445603566891397,1,0.2824946938221505,0,0.806626019556129,1
131,1,2.25.173753313169335820519632380691065649420,hip_left,0,0.47816425385692757,1,0.3871463859935478,1,0.28708671855484946,0,0.48720605343224616,1
132,3,2.25.175881661753775295785039265792986971602,hip_right,0,0.2894668221812306,0,0.26560723797594427,1,0.3833868084584365,1,0.14782766749345208,1
134,3,2.25.175881661753775295785039265792986971602,hip_left,0,0.2818836389987524,0,0.22328751811568018,1,0.34911642588867414,1,0.09745861034268621,0
136,0,2.25.175903805423871105435148927871625232853,hip_right,0,0.05584453182794661,0,0.030568788643040294,0,0.037779087594651144,0,0.02335848969142944,0
137,0,2.25.175903805423871105435148927871625232853,hip_left,0,0.19327256820830752,0,0.17345974286237892,0,0.33876529688304935,1,0.008154188841708461,0
138,1,2.25.17706555930735581384953296958427669848,hip_left,0,0.4629200470831289,1,0.4485537936772462,1,0.16640517378203765,0,0.7307024135724547,1
140,1,2.25.17706555930735581384953296958427669848,hip_right,0,0.3852343877804705,0,0.4509312319574401,1,0.35137485098177473,1,0.5504876129331056,1
141,2,2.25.177745077805190810016231350557005569203,hip_left,0,0.8285235733772289,1,0.7500493995084007,1,0.7828525662593159,1,0.7172462327574854,1
143,2,2.25.177745077805190810016231350557005569203,hip_right,0,0.6331713202472914,1,0.4567320149924443,1,0.7972033295340629,1,0.11626070045082565,0
145,4,2.25.181196659018348153828200695057897449628,hip_left,0,0.13113810311560134,0,0.10601999082884778,0,0.08249011455765849,0,0.12954986710003707,0
146,4,2.25.181196659018348153828200695057897449628,hip_right,0,0.14672948999737156,0,0.04274579378842416,0,0.05521026689967884,0,0.030281320677169484,0
149,0,2.25.184198356665635336833172191504278054074,hip_left,0,0.16033773665995693,0,0.06240819086047511,0,0.08775928243546319,0,0.037057099285487026,0
150,0,2.25.184198356665635336833172191504278054074,hip_right,0,0.185350024249153,0,0.10902789356501649,0,0.11698582741777562,0,0.10106995971225737,0
151,1,2.25.186201010600484120326273381077449377115,hip_left,0,0.20768443803317738,0,0.15566788448267418,0,0.07271993308956705,0,0.2386158358757813,0
152,1,2.25.186201010600484120326273381077449377115,hip_right,0,0.1722829750424704,0,0.12189388222665759,0,0.14624298012153816,0,0.09754478433177702,0
154,2,2.25.190331309633057244929837507901317950031,hip_left,0,0.31488797526131895,0,0.2244095527630981,0,0.28034174200889234,0,0.16847736351730389,0
156,2,2.25.190331309633057244929837507901317950031,hip_right,1,0.5563944169545317,1,0.4438567726730412,1,0.6745131044353048,1,0.21320044091077764,0
158,3,2.25.190807933410234695931591553323782771995,hip_left,0,0.2101425253603579,0,0.17813820152884724,0,0.22049429122590689,0,0.1357821118317876,1
159,4,2.25.215177279960644564778148238928738915103,hip_left,1,0.18840093318759613,0,0.18198325895507617,0,0.15069013893422503,0,0.21327637897592727,0
161,4,2.25.215177279960644564778148238928738915103,hip_right,1,0.19220552183442075,0,0.15477220315360668,0,0.22273063737915785,0,0.08681376892805552,0
162,2,2.25.217397325224876728316360420804118329081,hip_left,0,0.21351850745858314,0,0.161493325537532,0,0.21152695952038958,0,0.11145969155467446,0
163,2,2.25.217397325224876728316360420804118329081,hip_right,0,0.23209671553567246,0,0.282571565866238,0,0.22449069071863761,0,0.3406524410138384,1
166,0,2.25.234651502352368356456298825489565282446,hip_right,1,0.7438522592446027,1,0.6428879625867268,1,0.5245260973455652,1,0.7612498278278882,1
168,0,2.25.234651502352368356456298825489565282446,hip_left,1,0.7598564880031647,1,0.7086732521625208,1,0.599426216678995,1,0.8179202876460466,1
169,1,2.25.247714038039430659432048101646401574824,hip_left,0,0.275728968624693,0,0.2713793000086443,0,0.04798068276449368,0,0.4947779172527949,1
170,1,2.25.247714038039430659432048101646401574824,hip_right,0,0.3807016694270915,0,0.3151197488076837,0,0.1237704006148565,0,0.5064690970005108,1
172,3,2.25.269648774413746842548908998641183395622,hip_right,0,0.3331382605580748,0,0.28479787024135117,1,0.13033230785413794,0,0.43926343262856443,1
174,3,2.25.269648774413746842548908998641183395622,hip_left,0,0.40625326647922716,1,0.3216145792623604,1,0.5183801859090428,1,0.12484897261567807,1
176,4,2.25.272690031744216183651627058502316132741,hip_right,0,0.12239726230709531,0,0.13412277771262207,0,0.07020410355610136,0,0.19804145186914276,0
178,4,2.25.272690031744216183651627058502316132741,hip_left,1,0.27504673739862434,0,0.2573694656308782,0,0.3291452650344534,0,0.185593666227303,0
180,2,2.25.276415754443998872860614500027519740375,hip_right,0,0.24380253597649382,0,0.18320979894327866,0,0.2745233903505744,0,0.09189620753598293,0
181,2,2.25.276415754443998872860614500027519740375,hip_left,0,0.1534174632194307,0,0.13876526881226275,0,0.17036239210154852,0,0.10716814552297696,0
182,0,2.25.277752758923974029595977676354128739670,hip_right,0,0.1406381817761989,0,0.07264010531600265,0,0.10518437284889448,0,0.04009583778311082,0
183,0,2.25.277752758923974029595977676354128739670,hip_left,0,0.18167571634592294,0,0.14817021843429615,0,0.22327440445815006,1,0.07306603241044222,0
185,1,2.25.286999464611662854355201599068538813496,hip_right,0,0.14061452657509355,0,0.09862168134411141,0,0.06783960534592712,0,0.1294037573422957,0
187,1,2.25.286999464611662854355201599068538813496,hip_left,0,0.09667940871596888,0,0.025783012864994334,0,0.023384667205801218,0,0.02818135852418745,0
188,3,2.25.29638026465755240167985424461715024381,hip_right,0,0.3296735017299669,0,0.21566472137171114,1,0.3770214023967572,1,0.05430804034666511,0
190,3,2.25.29638026465755240167985424461715024381,hip_left,0,0.36269682546493814,1,0.2077871072252136,1,0.26538064797549754,1,0.15019356647492968,1
193,3,2.25.307021710202910067378603383388989711646,hip_right,0,0.4613742954916613,1,0.3608308842936,1,0.3210717715198505,1,0.4005899970673495,1
194,3,2.25.307021710202910067378603383388989711646,hip_left,0,0.3878832649401054,1,0.3428210468018863,1,0.2649287900769196,1,0.42071330352685304,1
196,4,2.25.309085571913348252136520206003694446566,hip_left,0,0.15231380926387908,0,0.14359577852451225,0,0.26008713675388867,0,0.027104420295135812,0
197,4,2.25.309085571913348252136520206003694446566,hip_right,0,0.23444614927949067,0,0.17800504974707296,0,0.2037544608473743,0,0.1522556386467716,0
198,4,2.25.314147167453134440746270747484612743945,hip_right,0,0.23530807286891223,0,0.289026497555638,0,0.14076013945692448,0,0.43729285565435144,1
199,4,2.25.314147167453134440746270747484612743945,hip_left,0,0.21307693588327706,0,0.1883508438883305,0,0.17982721194390072,0,0.1968744758327603,0
203,2,2.25.339027809107632348165171236474821772940,hip_right,0,0.44307348999382157,0,0.42622972947009263,1,0.31108278101057746,0,0.5413766779296078,1
205,2,2.25.339027809107632348165171236474821772940,hip_left,0,0.3911663925113451,0,0.3910088181562582,0,0.3384942992864443,0,0.4435233370260721,1
206,0,2.25.340839477910528898406207279980417945,hip_left,0,0.2680326392425635,0,0.2537903337129257,0,0.1561361470906909,0,0.35144452033516055,1
207,0,2.25.340839477910528898406207279980417945,hip_right,0,0.2509863741092994,0,0.229719377940411,0,0.2935431184388079,1,0.16589563744201408,0
210,1,2.25.37515662379281069436632838996073181551,hip_left,0,0.18113977371290205,0,0.1815315429563642,0,0.1997994617166821,0,0.16326362419604631,0
211,1,2.25.37515662379281069436632838996073181551,hip_right,0,0.2781483147020389,0,0.17733984676036352,0,0.12581902145754095,0,0.22886067206318608,0
212,3,2.25.39068163399801173920284179500049527111,hip_right,1,0.8459042575512997,1,0.7968408037163919,1,0.7261623067482678,1,0.8675193006845161,1
213,3,2.25.39068163399801173920284179500049527111,hip_left,1,0.7000395396666409,1,0.7103966743891005,1,0.7975736604260585,1,0.6232196883521425,1
215,4,2.25.48906424954135283790354958243772558962,hip_right,1,0.47390344871374684,1,0.4723413856543311,1,0.5726282040827889,1,0.37205456722587327,1
216,4,2.25.48906424954135283790354958243772558962,hip_left,1,0.3316184459620426,0,0.34701769729408605,0,0.5391252432158431,1,0.15491015137232902,0
219,2,2.25.52982400970721161435951723390541696819,hip_right,0,0.22886974764830204,0,0.1785674183369263,0,0.3064311568165244,0,0.0507036798573282,0
220,2,2.25.52982400970721161435951723390541696819,hip_left,0,0.3030037724703892,0,0.19970485475690974,0,0.33111889823557195,0,0.06829081127824754,0
224,2,2.25.65954778282254353457041255543338557112,hip_right,0,0.1356424055074443,0,0.10810944859369837,0,0.16365239068039933,0,0.05256650650699741,0
225,2,2.25.65954778282254353457041255543338557112,hip_left,0,0.19688401373297368,0,0.1058215822754481,0,0.06908001985097185,0,0.14256314469992437,0
227,0,2.25.66397484472966116002950503539482860450,hip_left,1,0.6661361369754105,1,0.5176488457528344,1,0.6190292307657342,1,0.4162684607399346,1
228,0,2.25.66397484472966116002950503539482860450,hip_right,1,0.6749753528446782,1,0.5232812221053063,1,0.6250486858122604,1,0.4215137583983522,1
230,0,2.25.73070100851377917031356937075051545239,hip_left,1,0.2983925128327086,0,0.36433913796088474,1,0.11860132724194813,0,0.6100769486798213,1
231,0,2.25.73070100851377917031356937075051545239,hip_right,1,0.37158171778261845,1,0.49586293723518177,1,0.11605584753469189,0,0.8756700269356716,1
233,1,2.25.76710355977373089612172037086913478687,hip_right,0,0.4269916421965423,1,0.3597443709901401,0,0.27267742475753426,0,0.44681131722274603,0
235,1,2.25.76710355977373089612172037086913478687,hip_left,0,0.19432911400447117,0,0.13165981843571783,0,0.1296154082661936,0,0.1337042286052421,0
236,3,2.25.78999454687125053757525542837745968726,hip_left,1,0.3904344867865553,1,0.35703856861358574,1,0.3369885820634563,1,0.37708855516371526,1
237,3,2.25.78999454687125053757525542837745968726,hip_right,1,0.7017684320618677,1,0.6812579313029214,1,0.8458092514964829,1,0.51670661110936,1
239,2,2.25.82912555346523716720160717883917565880,hip_left,0,0.23740968567000006,0,0.24078251692064037,0,0.013662221263976038,0,0.4679028125773047,1
241,2,2.25.82912555346523716720160717883917565880,hip_right,1,0.6131240559943771,1,0.5717719335568268,1,0.6024090696836853,1,0.5411347974299681,1
243,4,2.25.87869906212286587478854831452123526595,hip_left,0,0.11838899660783402,0,0.07339299958481126,0,0.1332997451933101,0,0.01348625397631243,0
245,4,2.25.87869906212286587478854831452123526595,hip_right,0,0.23411683294193952,0,0.18232892334057765,0,0.27299441065355423,0,0.09166343602760108,0
246,1,2.25.91981043841368764114007975581101713077,hip_left,0,0.17264166015790164,0,0.08239707839358598,0,0.15733941806493287,0,0.007454738722239093,0
247,1,2.25.91981043841368764114007975581101713077,hip_right,0,0.15381463587232683,0,0.09518850503919435,0,0.16644602787078236,0,0.023930982207606352,0
