excel_row,study_key,region,quality_class,oof_score,kind,spine_coverage,spine_axis,spine_artifact,hip_position_rotation,hip_roi_coverage,comment,first_source_path
39,2.25.132272637351979990811754009849547633391,spine,0.0,0.8758107879909899,"эксперт: норма, модель: нарушение",0.0,0.0,0.0,,,,2.25.132272637351979990811754009849547633391/series_003_3_CR/A2504141080 DXA/CR DXA/CR000002.dcm
50,2.25.177745077805190810016231350557005569203,hip_left,0.0,0.7559145065900087,"эксперт: норма, модель: нарушение",,,,0.0,0.0,,2.25.177745077805190810016231350557005569203/series_002_2_CR/A2504273759 DXA/CR DXA/CR000000.dcm
59,2.25.272690031744216183651627058502316132741,spine,0.0,0.7106926731458625,"эксперт: норма, модель: нарушение",0.0,0.0,0.0,,,,2.25.272690031744216183651627058502316132741/series_002_2_CR/A2504373414 DXA/CR DXA/CR000001.dcm
32,2.25.112621744005021908434051268014787122937,spine,0.0,0.7062698541832438,"эксперт: норма, модель: нарушение",0.0,0.0,0.0,,,сколиоз,2.25.112621744005021908434051268014787122937/series_002_2_CR/A2504301685 DXA/CR DXA/CR000000.dcm
77,2.25.132083163398091874662674590622589534350,hip_left,0.0,0.6590676245329941,"эксперт: норма, модель: нарушение",,,,0.0,0.0,сколиоз,2.25.132083163398091874662674590622589534350/series_003_2_CR/A2507386583 DXA Exam/CR DXA Images/CR000000.dcm
77,2.25.132083163398091874662674590622589534350,hip_right,0.0,0.6460757950894767,"эксперт: норма, модель: нарушение",,,,0.0,0.0,сколиоз,2.25.132083163398091874662674590622589534350/series_003_2_CR/A2507386583 DXA Exam/CR DXA Images/CR000002.dcm
25,2.25.91981043841368764114007975581101713077,spine,1.0,0.1403276416053521,"эксперт: нарушение, модель: норма",1.0,0.0,0.0,,,,2.25.91981043841368764114007975581101713077/series_003_2_CR/A250496619 DXA/CR DXA/CR000004.dcm
58,2.25.269742577365511543488820993979123763373,spine,0.0,0.6379952255163334,"эксперт: норма, модель: нарушение",0.0,0.0,0.0,,,сколиоз,2.25.269742577365511543488820993979123763373/series_003_2_CR/A250477751 DXA/CR DXA/CR000000.dcm
52,2.25.215177279960644564778148238928738915103,hip_right,1.0,0.1301069578308291,"эксперт: нарушение, модель: норма",,,,1.0,0.0,,2.25.215177279960644564778148238928738915103/series_002_2_CR/A2504147013 DXA/CR DXA/CR000002.dcm
43,2.25.151186844055172005615813066162721550889,hip_right,0.0,0.5976891701067758,"эксперт: норма, модель: нарушение",,,,0.0,0.0,,2.25.151186844055172005615813066162721550889/series_002_2_CR/A250436130 DXA/CR DXA/CR000002.dcm
50,2.25.177745077805190810016231350557005569203,hip_right,0.0,0.5465768987068165,"эксперт: норма, модель: нарушение",,,,0.0,0.0,,2.25.177745077805190810016231350557005569203/series_002_2_CR/A2504273759 DXA/CR DXA/CR000004.dcm
78,2.25.13325817932854000792938662637654885530,hip_right,0.0,0.5141207643206293,"эксперт: норма, модель: нарушение",,,,0.0,0.0,,2.25.13325817932854000792938662637654885530/series_002_2_CR/A2507365486 DXA/CR DXA/CR000005.dcm
81,2.25.137344827330550141320158285144101816664,spine,0.0,0.5864846071215819,"эксперт: норма, модель: нарушение",0.0,0.0,0.0,,,,2.25.137344827330550141320158285144101816664/series_003_3_CR/A2507146630 DXA/CR DXA/CR000000.dcm
30,2.25.102755089973625799055786462646268820450,hip_left,0.0,0.5007742288268482,"эксперт: норма, модель: нарушение",,,,0.0,0.0,,2.25.102755089973625799055786462646268820450/series_002_2_CR/A2504257770 DXA/CR DXA/CR000000.dcm
95,2.25.175881661753775295785039265792986971602,hip_right,0.0,0.4982312559385504,"эксперт: норма, модель: нарушение",,,,0.0,0.0,сколиоз,2.25.175881661753775295785039265792986971602/series_003_2_CR/A2507266462 DXA/CR DXA/CR000000.dcm
69,2.25.116822802042655971810859435524105064465,hip_left,0.0,0.4958668147297007,"эксперт: норма, модель: нарушение",,,,0.0,0.0,,2.25.116822802042655971810859435524105064465/series_003_2_CR/A2507273296 DXA/CR DXA/CR000001.dcm
15,2.25.54396839637320114639948764487283877793,spine,0.0,0.5592960997397345,"эксперт: норма, модель: нарушение",0.0,0.0,0.0,,,,2.25.54396839637320114639948764487283877793/series_003_2_CR/A2504111090 DXA/CR DXA/CR000000.dcm
33,2.25.114887542067602662452692698814728642117,hip_left,1.0,0.157255860443702,"эксперт: нарушение, модель: норма",,,,1.0,0.0,,2.25.114887542067602662452692698814728642117/series_001_2_CR/A2504131887 DXA/CR DXA/CR000001.dcm
