pixel_sha256,study_key,region,quality_class,oof_score,oof_pred
a9e6091260abf7b7237d9aae3bfbdd183d9bf0a32fb78260543b94b8ccf26643,1.2.840.113619.2.110.512719.20250403090444,spine,0.0,0.08784833187974071,0.0
0fe52403eafdba2d9188502270a114e6c94869f758f93a4de0624308bedd69b6,1.2.840.113619.2.110.512719.20250403090444,hip_right,0.0,0.27062303531508153,0.0
7c985506644ca1e5de367e48eae9c002ecb466445dadd6bb277390a4ab13286b,1.2.840.113619.2.110.512719.20250403090444,hip_left,1.0,0.187690147080826,0.0
15839642c1f56c7206a68978562bb7f4081f0ce3d0d047d53fa3993a12ee70ba,1.2.840.113619.2.110.512719.20250403092052,hip_right,0.0,0.4055810738426504,0.0
1badfaf813f2824f3428433e0c5487c7564de3691768f85be188a150c7064970,1.2.840.113619.2.110.512719.20250403092052,spine,0.0,0.23393270290852822,0.0
8e58f24966466b8af80a00c6d14d8cf464d4dcb8e38ff39a529ef6a6f094ff9f,1.2.840.113619.2.110.512719.20250403092052,hip_left,0.0,0.4193640033954007,0.0
8fba63df6cd4a9853f4cc1168658541ce7d02920e3c9caa1702caae321afc623,1.2.840.113619.2.110.512719.20250407113211,hip_left,1.0,0.27630456266620285,0.0
b4bba09e52d01a64990757311eb066a5c5334e7877debf82f072da7226134d41,1.2.840.113619.2.110.512719.20250407113211,hip_right,0.0,0.2320725475934927,0.0
8909a960f0ea9799322121964c3f36cd0bc07daa8e0feffa5b42524ef253d639,1.2.840.113619.2.110.512719.20250407113211,spine,0.0,0.09394927643502281,0.0
8a50084532eaa0f6d22e24ccfeba4c9b388d142abd1db803a0b0afc256c5e97c,2.25.10245777060263212829333021434108890537,hip_right,0.0,0.35090772149235633,0.0
6518fd2996528c8223e1d322f1df7736c9c578515dc3a5bcacc13a24fe671223,2.25.10245777060263212829333021434108890537,spine,0.0,0.20744236987341594,0.0
c341da94f10ff9273fafe85291cce9f18c8d1bfec7f1e6818ed1b23dbaaae6b6,2.25.10245777060263212829333021434108890537,hip_left,0.0,0.3216419166228092,0.0
bb60cae811d9181009951182e2b875f83ee7c6879c24f9b1edff135e307a64f2,2.25.102755089973625799055786462646268820450,hip_left,0.0,0.5007742288268482,1.0
735f9e87ebcacb8cf2c6948375b1d607e1b04200819d40e31c2420d09643bef8,2.25.102755089973625799055786462646268820450,spine,1.0,0.7321818390118512,1.0
4d3c0357e1d22b4c1f76501136a276c0f5cdd85296193c8309a0af0b1934def5,2.25.102755089973625799055786462646268820450,hip_right,1.0,0.2609221947047917,0.0
f4a37ed0f829e679435e9aeb4ab6860782b78237485605854eee3e1c078d63e8,2.25.102965897799404973225419898683246248872,hip_left,0.0,0.3255173297816622,1.0
dd27dff48e23fbd85ee8a140154d296a91078e534da663ab6efc2aaf6a5b190e,2.25.102965897799404973225419898683246248872,spine,0.0,0.40411497638339466,1.0
3898693c2bb617573ad8ea8927094bf8c0e40f7ef5ee13c8df61587e209369ca,2.25.102965897799404973225419898683246248872,hip_right,0.0,0.2170451865013893,0.0
b5044b83def4972ca63f8cbda44f5c42c961e9925d2ea7f8485445cc0a2401aa,2.25.103868781101960771917584077315578649178,hip_left,0.0,0.27092841612852725,0.0
8ed4729edbab469043e75e9bca58ddb1aa7cb54ffd4598f93fd22d5a0932aab4,2.25.103868781101960771917584077315578649178,hip_right,0.0,0.1373085019807249,0.0
d57cdeea9dde2bf9f8353c6ee96f5642a07dccb99bbf8edc58ab8d777ecec53d,2.25.103868781101960771917584077315578649178,spine,0.0,0.19777267262756323,0.0
7c78a1fc55fd816e53757bf501008a22180a9801e154776ce3b7fc17a6bdb067,2.25.105033841136787477881326326053319223817,spine,0.0,0.3424960586076327,0.0
a59076b2d4a7a2bd23648d88f4170b8e05eee868646c4586e98c2c2bae9bfe57,2.25.105033841136787477881326326053319223817,hip_left,0.0,0.2790097788891519,0.0
0ae9c8144140a7d450deec4b83cfb7cf6483c1f5ebb53f82a411e241f8fb770b,2.25.105033841136787477881326326053319223817,hip_right,0.0,0.40149118145889445,0.0
803c1c9db354b544e6dff5094bcbeec092f7a249eaad98573dce3e47bfc1017d,2.25.108537195937431169718850276671337677972,spine,0.0,0.3192398904515294,0.0
ba7ddb704d8a18a3d3af4e23beaa4dee13638f25ead5e143b9e13e0ef9b7d187,2.25.11175860580562939441493697221497597640,spine,1.0,0.4904658501896371,1.0
e2548fed98076bee5be2e244ec18d651bbee3d1dfb587c226efb8c85fab788f1,2.25.11175860580562939441493697221497597640,hip_left,0.0,0.07001294157726952,0.0
2df14f6c6066444afbdca2851fe083adfa62c369d41f8224bb8a298c2a17c52d,2.25.112621744005021908434051268014787122937,spine,0.0,0.7070455078295762,1.0
9c9c6896a11e8b1306698cb869fcc40de8ab474776e1285d0871e19081470c12,2.25.114887542067602662452692698814728642117,hip_right,1.0,0.41815297659156747,0.0
ad52e6fd3665733d5d72e7180609941edf1b1561db9e709912dd046c11429a56,2.25.114887542067602662452692698814728642117,hip_left,1.0,0.157255860443702,0.0
3f1c9334bb02f1905a26a3d011961dd2502485e9b7f86efc39f19692aeda5ea9,2.25.114887542067602662452692698814728642117,spine,1.0,0.27454639029094013,0.0
a3c7e53b34b9717a916e58c35ea9305881316f6967960187715a252cb65c5d8a,2.25.116822802042655971810859435524105064465,hip_right,0.0,0.3280688287723064,0.0
480f10f88caf10dd62fa24f81aaf02944f31b887a08f9c3fecb9bc3494071fe9,2.25.116822802042655971810859435524105064465,hip_left,0.0,0.4958668147297007,1.0
e854cd16b924c3236f87e8f44a138a97bd7fd01dd01e680e0dc2473c3a50c3c1,2.25.116822802042655971810859435524105064465,spine,0.0,0.24954351348039475,0.0
f159582316e2f63507a19207977234021d238627677f07532ca4bd75a66dd36e,2.25.122446767306607067205618235949445789306,hip_right,1.0,0.47359814168890374,0.0
cd7046e6682c296a906eef88c8cd60e3e36a695aee37696ac69ca33980b707bb,2.25.122446767306607067205618235949445789306,hip_left,1.0,0.23227137429670608,0.0
643fb849518ee25015e6f30e6852861b3a40ea8a79202716827eced100f283de,2.25.122446767306607067205618235949445789306,spine,0.0,0.3232091816815599,0.0
634ba77508b97c18baa721a5ddcbf4bc904dc8d9e3fef3cdf590907b9fc2ee85,2.25.123175695355749859846173904788591707879,spine,0.0,0.4554626044866413,1.0
0601fa0d293c61bce795e701972993a367766b009b39c139df9a379ef95d5b4a,2.25.124890633326693921702195356152595253940,spine,0.0,0.3622940634969069,0.0
15e17dfeb6829fb63c190057e52643b1e0a789c3ae07279178fe20a9de7becf3,2.25.124890633326693921702195356152595253940,hip_left,0.0,0.1118531882880505,0.0
455baf36192cb0993dc7c4912a234fcf7475ed0c3cb23d0a5c0296e7ea98083e,2.25.124890633326693921702195356152595253940,hip_right,0.0,0.13416404186990427,0.0
bc66f1a7e5fbe93f81e17fd39b3ba5a51d44d316f05e1acc72bba98277e43ba4,2.25.125521310320333648427417313254965624364,spine,1.0,0.650972444810905,1.0
717f2bb22c55413805aeb4249c825f0450df46e4e9d01764e6735440b91025cc,2.25.126293418391331346694592071563510265596,hip_right,0.0,0.17434558943107414,0.0
60579efe367879db5d269f8f8ea9243846f20ca817c07268f2673fd7e0d02cdd,2.25.126293418391331346694592071563510265596,spine,0.0,0.2719122879417983,0.0
cf02c2b3f5bd203ba6786a1f339c1aa338de96a78a76e9d4281641262887317f,2.25.126293418391331346694592071563510265596,hip_left,1.0,0.8419582163974159,1.0
a980abeb11de6135a87340840dcf3dec3d2d3acde1f2e408440aff090365acff,2.25.127126130998341190348103034690069487890,spine,0.0,0.2739909789146286,0.0
f535f3a59d844ae5681087735cf2679a591501c92238827e9f2599f83a7b372b,2.25.127126130998341190348103034690069487890,hip_left,1.0,0.6129707055824221,1.0
c4525ed7326a5d25ee54bc067d60a32d1becc794875475ee2a18103519491184,2.25.127126130998341190348103034690069487890,hip_right,1.0,0.6519217769742433,1.0
871d4f8dcf91d990417428e217dbe839cc83b094d0dc548db591af3575e4b768,2.25.12798473087614376830819854616447908612,spine,0.0,0.19037855798858414,0.0
199f42c3d27a1c0e9b17ef2a752568ce64d1caf457dcd0a091ff9be87c61bb98,2.25.128197189461989832465575162384360009377,spine,0.0,0.11766886626908551,0.0
52acf7164877d5b99fe26743655d3449f9c212ff2228cba995401b335b7c867e,2.25.128630285053087246379265602913470285158,spine,0.0,0.28769543769684347,0.0
582f743b52b3a72941ef9e0d6a3e2c3b5106d1ae5fb538bd1e569c28a795bef8,2.25.128990540359421489042453547244535073735,hip_left,1.0,0.3285828996579065,0.0
afe0c5feaf1c7f96a73a02e8efff5c23707ef0362101e18e99d5ab17492291cf,2.25.128990540359421489042453547244535073735,spine,1.0,0.2568160102671773,0.0
9336b6e1c2b575e0567b3761131cab9698806fd3152b6f606fe9c5773ea03579,2.25.128990540359421489042453547244535073735,hip_right,1.0,0.5758221181598181,1.0
a9a28ba08952c94b7202b6d245cfecec0dbb5da714c7acd537e30af55753de97,2.25.129239680100193368599713239115902740628,hip_left,1.0,0.5602819103759553,1.0
930dc940783d7c2892fa1b3625240bbe82429e56893d7908b201318ad0cfa589,2.25.13069823278093578548407087310307113784,hip_left,1.0,0.6656618933749563,1.0
e6bc9bc667a9ed840d7c44e0a288372f29a8cf489e57309e9d1b84b64853241c,2.25.13069823278093578548407087310307113784,spine,0.0,0.12021258507627508,0.0
eddf430d03ed3d61243facdc722d2f1fc5aa49b3b89c64b0416c2c5d7aee4cd0,2.25.13069823278093578548407087310307113784,hip_right,1.0,0.7943573647793585,1.0
042a1c39857c9f0b8eadc4d7aaf4bb8c1df3a747ca66c099336cd4aa16cfbe26,2.25.132083163398091874662674590622589534350,hip_left,0.0,0.6590676245329941,1.0
8f49686ec82b08111493028955d7938843f23437b05ff5406e4518314c5760c0,2.25.132083163398091874662674590622589534350,spine,0.0,0.33069145316754334,0.0
3368091e9fe0959f6e74c00340269735368ab2bd18ccbade20296f5521afffb2,2.25.132083163398091874662674590622589534350,hip_right,0.0,0.6460757950894767,1.0
0fdbddb721365e2ad65326304b0f6e46cd343cadb99d716247c363049abf764e,2.25.132272637351979990811754009849547633391,hip_left,0.0,0.3039559757753813,0.0
4a87fb661c85f6baac9b4da7a716e96bf367d73ebcafd89c9843c63b39a1d60b,2.25.132272637351979990811754009849547633391,hip_right,0.0,0.24004808250411427,0.0
e6274bf9576ebdf9f1f05f5faa823a87d6bb68f0b87379f6ebb8c2d5af7ec557,2.25.132272637351979990811754009849547633391,spine,0.0,0.8993490123089369,1.0
21c72e57ef9dd48b26c4a52b1591c4301f88a8d68c7936f6d63d9510ac21b7c4,2.25.13325817932854000792938662637654885530,spine,0.0,0.3198408686696748,0.0
dc63e8ed6a6f7beb790b13c83c367ae9c2d4ceeaa7138a8c733e03db6b330a26,2.25.13325817932854000792938662637654885530,hip_left,1.0,0.42908934319079234,0.0
3efdaa62545335d1db51287a0984f22dffa874aeaca5511d2dea601408b2d2bf,2.25.13325817932854000792938662637654885530,hip_right,0.0,0.5141207643206293,1.0
7e41967437d993f2595e615f8b358b93bec24df3bd344acae2ee9a1c6b7da6e5,2.25.134456506307367483341018281460841912845,hip_left,0.0,0.22608728709829004,0.0
dc9a42511c2ce8743b2a9cd2316bafb67cfbcab5513d3951546ef02e152a71b3,2.25.134456506307367483341018281460841912845,spine,0.0,0.2728189778520425,0.0
6f166e875ac4970fc5c2356fd9af83dd85184dbb3c372632ba36b82c741111fa,2.25.134456506307367483341018281460841912845,hip_right,0.0,0.06647313572216641,0.0
9755ef0ed8061b46e10ed574815e6685ebbdaff752b1c85e90c62a9df1424aef,2.25.135241889065705954191821710363605596815,hip_left,0.0,0.40408095702072994,0.0
af162e1dba307b69587611ac8dbb43f0c7853f381a6d87a4675cdbe6318ad98c,2.25.135241889065705954191821710363605596815,spine,0.0,0.3612513614311339,0.0
f37e62d5a3e7f4eb8012cf7faf1799e3d60b0a0fd698e285b3bab7328cdcb1d8,2.25.13566237352084812982996047541944701548,spine,0.0,0.2005690111648478,0.0
430a92d6a5b1eb0b40327c97dca3cd3cca2b5d057bd1abf7cdd1ca02d04594a4,2.25.137344827330550141320158285144101816664,spine,0.0,0.6612345759896949,1.0
ad38a319b0f8399bd632d395f1cde86c8d1538c727b93bfaa442262b45bd3b84,2.25.137344827330550141320158285144101816664,hip_left,0.0,0.17101702166666946,0.0
def2cd6f67ddd8f49aea84cbacbd14c2bf7614a9df74af0ae4bfc792f5fe201a,2.25.137344827330550141320158285144101816664,hip_right,0.0,0.396652546396314,0.0
4a33b70ccf57175a10e5e9fe6da798a029c2fb76a9a758852f2662d03caa0254,2.25.137675513852774974135210999345676405116,spine,0.0,0.1939280598251898,0.0
25d533293c3ac0008d3c1a6c6b074b595cd491ddcbe375c4d6621397574e376e,2.25.13983650679559142983913935144968795415,spine,0.0,0.5454239674970552,1.0
fab4200339d61a023c5cd49dda1a328d2d156b542b4c9e5cd7ed405eb82fffe9,2.25.13983650679559142983913935144968795415,hip_right,0.0,0.16219947932599785,0.0
c3234abce93040959aca219725ad89982ce086b384f1e1db54d53920c6401efe,2.25.13983650679559142983913935144968795415,hip_left,0.0,0.10682162877227885,0.0
f5ab0376b0f1ce65c818f22c66e941d2e71a1db26f7ee714dcff8975fba30038,2.25.144941557565802351596730914409170713112,hip_left,0.0,0.36571924430270325,1.0
b29d8dad741820c10cb989d92a8ad17d0737598349999dab26ea8b2f414f8be2,2.25.144941557565802351596730914409170713112,hip_right,1.0,0.5863996396631459,1.0
0696635b8c45ecb2468dbeda0e4ecd1c6e6e685c072b4aa1da82231128ed63eb,2.25.144941557565802351596730914409170713112,spine,0.0,0.30040766502996746,0.0
e86dc01aad471af17c7e189b3981cb9f7b0f8140052bd3a3908b7aeb7f59737b,2.25.145848300160680194368420189079847088556,hip_right,0.0,0.27009704538826335,0.0
3c6b26fe0671dc771c8e4ee9b7fd720ab78fe59d497f8cafa5166ca51aa175c3,2.25.145848300160680194368420189079847088556,hip_left,1.0,0.3295768697391521,0.0
fbf853d1405823825881b9f45aeb0f99b8eb76ecf64a2f5dc33b2b0037fe38fd,2.25.145848300160680194368420189079847088556,spine,0.0,0.2120577115850236,0.0
d7986bc280d585d4f4aad3be03f96e447afac84d0b42b516177344d10600330c,2.25.151186844055172005615813066162721550889,spine,0.0,0.34728728147834503,0.0
6e46788862beb15916fd5ef92501a5ef6a6bb205d3a7b504be7721fc2d8f47b7,2.25.151186844055172005615813066162721550889,hip_left,0.0,0.37484309757201567,0.0
c32472282f03c4bf9eea382f6161155710eca63f1d05806e526a4b01a5a6d1bb,2.25.151186844055172005615813066162721550889,hip_right,0.0,0.5976891701067758,1.0
b55a357188c77882667a1aa3f97ae3ea3d13a476fe2f589c5472679e40a7a35c,2.25.156021661584944120526934974594604520993,spine,0.0,0.46441256563274086,1.0
40113ad310a57ba71659985bdee7fb06170e969788e7ce3a4231e21abad0a332,2.25.156021661584944120526934974594604520993,hip_left,0.0,0.34214226200023484,0.0
61d53bc7f60e0ade76ee8fd9531dff59ba8fad9acd1804e6c75684e69f27488d,2.25.156021661584944120526934974594604520993,hip_right,0.0,0.12686637453368665,0.0
b98fc82d81365803c7e5bd1fb5f440e2cc923ed496c858adfc6b55de78ad6b22,2.25.156375884487675936513403083218009333856,hip_left,0.0,0.19735494433523001,0.0
e2aa7339c3429066f935760988b4bd3d46c3dcf505a364bdba0c7aaf33160cc3,2.25.156375884487675936513403083218009333856,spine,1.0,0.5662746486200746,1.0
eaf100d2fc7d5a165c6d363e4cdbf36612669de192494ace76b768281f677bea,2.25.156375884487675936513403083218009333856,hip_right,0.0,0.2956157481447695,0.0
4c74769334a192344c860231dcbc525030acc629ecbafe30d59c061704d77e96,2.25.156389075510671877606923458507011517218,hip_right,0.0,0.14778271378322888,0.0
fefff8c024a9227966dedcfbdc2e51bb05e6a86556cb0e86fa57c39ae072c72c,2.25.156389075510671877606923458507011517218,hip_left,0.0,0.18493707967094544,0.0
b39c9f8a58c255fc14fc97b463033f45cc7493b6da81c2c21c206d4645ec6bee,2.25.156389075510671877606923458507011517218,spine,0.0,0.09062286260470681,0.0
8193d3a0a6e169fec1f8b7961ca22b4d98307f6d70ecc08f1c1a65f5ae9ea724,2.25.157462338378550185821790046400986801350,spine,0.0,0.34328714080466405,0.0
7070c308c1b16481210814535640168d7b882b8f298ed76c5a808dc2aad28907,2.25.157462338378550185821790046400986801350,hip_right,1.0,0.38324217812533373,1.0
cd33034db237433e8aa062606f68b96383429ffb2823cc855d59cd529e7e5814,2.25.157462338378550185821790046400986801350,hip_left,1.0,0.37351052439287,0.0
a5f04751b6882a5b0435fa6dc97d7b76eb7565f152b4e2590dab7059ac2738ff,2.25.158197739569377798130962967413133224194,spine,0.0,0.3443451751251192,0.0
d066b4c71a1d99e052036b9c21f813907c45cf75f5569380b9167166970a19b0,2.25.158646777318759504110695916200521633609,hip_right,0.0,0.11302873895484948,0.0
0be2991a294b401f7acccbd08412ae62ce086fd624cb4d99cd18e008204c8d2d,2.25.158646777318759504110695916200521633609,spine,1.0,0.6812018485401387,1.0
149467528c66bb80200532da272e1e9eb6f3f9af2db495c27da6b2db8d778234,2.25.158646777318759504110695916200521633609,hip_left,0.0,0.09674996028926325,0.0
120b1a3676ce725c949b45965aafea70fe9cb43865d79ef3767beef237aea89d,2.25.159930383074323525630608416881201447861,spine,0.0,0.22349533265792912,0.0
e8470f1d225dc4d35df701928b3eca8301d6c216dea123d41d6b66ef925948b7,2.25.164566280810634620154538016595892212884,hip_right,1.0,0.8018722097868235,1.0
9becbbba3880f1ee61e06858668b2056e572b744f82605355971acc945458adf,2.25.164566280810634620154538016595892212884,spine,1.0,0.3867037755318934,0.0
53c07182f5ba45ac51f81417e90db9dc9cd225f6fc9c34f0cd48227c42e5d36e,2.25.164566280810634620154538016595892212884,hip_left,0.0,0.4545910613955973,1.0
b855f117f4f6bc0efab6d1fb8df57bc18ad79644a95a1f068837e1695306b0fe,2.25.165091430504580219034019815337441064349,hip_right,0.0,0.4315000707849069,1.0
7ccc08e3e4e0f5b1baea701b0ea1690cb4807e786ee4fc84caa99e6c99ab815f,2.25.165091430504580219034019815337441064349,hip_left,1.0,0.18655761843523322,0.0
423d0c3161d6c8604726947252f25c09db0f982dfac4d14a85c607df00f67748,2.25.165091430504580219034019815337441064349,spine,0.0,0.40896328359647566,0.0
cfd6d0e8f61598c691913efe7dfcc335fee3577ef71ba3ca6ca64c50122fb2f2,2.25.165355673991587715046346525964554729786,hip_left,0.0,0.3059742330208757,0.0
f6f7d39fbe9e7bb4bd9bdf29859bcf9f7605e318fe2878d1c6bf53773e866969,2.25.165355673991587715046346525964554729786,spine,1.0,0.5679671182815899,1.0
f859a1c678349ea296e5987376f7896cbc25e5a0b8b1ffecd90f43a182a441f2,2.25.167344201679287285499405412654740659745,hip_right,0.0,0.20822878591753813,0.0
d41bce5afe5107cb115f7c7ca640178174d069cdb54ea9fd5aed0a760eb6b919,2.25.167344201679287285499405412654740659745,hip_left,0.0,0.3246788923207422,0.0
b0aff9d9db00facb99f363e4400aa83cc5eba2557c2b6376c93933af3d070865,2.25.167344201679287285499405412654740659745,spine,0.0,0.3913754308475003,0.0
6185d5cfd304634bfde297b4204dfd39ca2344eb5bb0fcd7a750699cf9e6eb57,2.25.16773626720107440979805052259711419763,spine,0.0,0.326901225705391,0.0
7d52bf153b156b6d3029e7fbf94e5a80ec89b21c7a68edd2826051f2bdee88c6,2.25.16773626720107440979805052259711419763,hip_right,0.0,0.11071485008231485,0.0
a7758745c7980cb957fa011dcaf793d3d691a2a5f2b22177e79b1532fd7d5719,2.25.16773626720107440979805052259711419763,hip_left,0.0,0.18393598047109552,0.0
a5c8e67d273cbd53e2d2d3030c785397db1a1f55416d4d88c5f41de5040d1223,2.25.168317503020329569414190677927680518621,hip_left,0.0,0.14572726433984118,0.0
2f3339c40bcceaae092badb4c3b06225b86e00f3b0643ba52b9ef71bb2e08948,2.25.168317503020329569414190677927680518621,spine,0.0,0.33504822264071726,0.0
2f434995ec9d808997700318800d3008d3876f6d4393afaf7405a52616f852e9,2.25.168317503020329569414190677927680518621,hip_right,0.0,0.1649441468471591,0.0
bd2782f80d6f389512c89c4b7cee804198f240acd0224707efa24210e0268759,2.25.169242707068684757906797344800977707240,spine,0.0,0.2131928476791307,0.0
0d78b5746d19c093271b2738771569ab2f7237070ae6dec9a9ba3bd7219cefef,2.25.172445998420765569384934552191547932566,spine,1.0,0.4821675296843169,1.0
6b71212a779ff5bee277c1a606c4deffedff1b28df5d7f07cce14b3f41b336b2,2.25.172445998420765569384934552191547932566,hip_right,0.0,0.20035948647473503,0.0
ff43ac66ed784a983f6ba8f4dd22b89024267a500914f517cd4bba808e2e361f,2.25.172445998420765569384934552191547932566,hip_left,0.0,0.15242960525382168,0.0
cc497c04c24239602158e2a7f81a9184462331ec3002a91c43bc28f1e3e5cc01,2.25.173731186748227489808861376513577450951,spine,0.0,0.13430998012251236,0.0
41f153b531d19808014ef10d485b117e0e3b5d47f5429960aef95c84a76773ce,2.25.173731186748227489808861376513577450951,hip_left,0.0,0.3647694737864568,0.0
ba7b2727b02a3477a03158f8de837e300d0e5c33f4c2251df55f0042ba58b3a8,2.25.173753313169335820519632380691065649420,hip_right,1.0,0.6041804872407034,1.0
3eb736af47c8f8a960b02519837683058abb030974f6fecee542126d96260cba,2.25.173753313169335820519632380691065649420,spine,1.0,0.35115006770676455,0.0
4cc674b8aba9a13bc5abbf72026d4c9da6821be3deeb963ec500daefa594720b,2.25.173753313169335820519632380691065649420,hip_left,0.0,0.43326291881558815,1.0
f5a0146ec5fef68eacc72f7c828ef9556b8a7b7e23d63dcce9beeabd197653f9,2.25.175881661753775295785039265792986971602,hip_right,0.0,0.49823125593855044,1.0
b88cd454d2cac2af8762025a5b9b78bfba78eedbd3aaeb466b6203324ee952e6,2.25.175881661753775295785039265792986971602,spine,0.0,0.40885252949055206,1.0
e62f1e8765822d433cf5b290a1e295d859668a125a8700d92c4aeee6e241e2b5,2.25.175881661753775295785039265792986971602,hip_left,0.0,0.37854535963150476,0.0
9fafeb14c1a14c669a3de00646e0cc543f5953de2e8eb033b88f914fca47c14d,2.25.175903805423871105435148927871625232853,spine,0.0,0.09066842502650775,0.0
e56120d0d98ff73107d9305f0bd73d23b4921451a23afeaf60dac5ce8186ddf5,2.25.175903805423871105435148927871625232853,hip_right,0.0,0.16094120554201255,0.0
0d16e21d00c0fe2e000205c402a97729018d611a5e02a7ae88955e2bb15426fd,2.25.175903805423871105435148927871625232853,hip_left,0.0,0.22156508154483653,0.0
95bd3c45179634bfcd1354e29b03f578934bd40dd8c1c391de227d7964dac984,2.25.17706555930735581384953296958427669848,hip_left,0.0,0.4252994047577459,1.0
d3020f72455d52f346a44428ce59317c3179114110d76298e740964a8efa59ae,2.25.17706555930735581384953296958427669848,spine,1.0,0.6702907617886548,1.0
d379ade14079d380a4d77e6416c25b37428aed5478b5baf82c5e998dad4142e5,2.25.17706555930735581384953296958427669848,hip_right,0.0,0.38230472229645845,0.0
3e8f98bcb803f0e7beb59721bcb24a7378be8585a6a6c80713ab40a069291631,2.25.177745077805190810016231350557005569203,hip_left,0.0,0.7559145065900087,1.0
ad4efb01f2b6b0101d19c127c4df5aaad247fa3978a9222db318b10a7f92fe39,2.25.177745077805190810016231350557005569203,spine,0.0,0.4052137670748102,1.0
145760e222f09e01464a4f869ffac9227adc3ef89137c40ddcdc028a7fe395d4,2.25.177745077805190810016231350557005569203,hip_right,0.0,0.5465768987068165,1.0
c80a33f46c58ee571f9c0cb931bf611cac4ea94457ac880a23312485c9fc2da1,2.25.178533355209696795441380751187185128893,spine,0.0,0.5548129705714764,1.0
60feae417b1f4f4981f158323354a8329fa3c8909aaa0e527a7ff06691d26f90,2.25.181196659018348153828200695057897449628,hip_left,0.0,0.15674943418350665,0.0
bdf23ca4504586051ea9e5e3147fd9c3daf68e4138f1011927734fb14e7260ed,2.25.181196659018348153828200695057897449628,hip_right,0.0,0.11899533027725802,0.0
4dad1b9c5e591111ad09285998dc99adbf61cc015cd77b7c8fd93aaeda75758b,2.25.181196659018348153828200695057897449628,spine,0.0,0.3209193382514924,0.0
f673b2b4385b7f147ded722d00d4f94725468fef73c53dec8ecc8ad4397f4826,2.25.184198356665635336833172191504278054074,spine,0.0,0.2649204348529033,0.0
a9e22db120a26e8100bd09d801037e622d083530b93ff41622e30593b81fcb30,2.25.184198356665635336833172191504278054074,hip_left,0.0,0.13529659490547727,0.0
33bb100b7ef901a86ca62d2fc4d77d438d377ec292ff04fdd8c9bf370b4a9a13,2.25.184198356665635336833172191504278054074,hip_right,0.0,0.23459031849542952,0.0
49145a5b4ed3bf477b96670646cef4c6ab3c6ddd05dd181e6b9d9dfdfc727ea6,2.25.186201010600484120326273381077449377115,hip_left,0.0,0.19022972412826808,0.0
54ae740e6722d027ea47d5a09351504923dcbdeb04506f91fec9c8490862da7b,2.25.186201010600484120326273381077449377115,hip_right,0.0,0.18110280823330094,0.0
0fbde60073ee38d0b50c041b38e962b0c6405aae20953d74b87f0d6c8a2caa21,2.25.186201010600484120326273381077449377115,spine,0.0,0.1904897909183901,0.0
b248b09e814a1817c9b573de854b4e0d456030b4deaaaf77d01cfdd4904aa5fe,2.25.190331309633057244929837507901317950031,hip_left,0.0,0.3366962765367869,0.0
7205cca2acb31ccfe3db48752112d3e1151ac55f30c472f43ca7ec5778db12bb,2.25.190331309633057244929837507901317950031,spine,1.0,0.40138169750532393,1.0
76f98fb4a4a9e07162de0ab2acffba3da45cfd5ac7dc55ae424c5cb6373e6791,2.25.190331309633057244929837507901317950031,hip_right,1.0,0.6099440696997869,1.0
bd974819d5eea273f54f14750ee9fed28191a89aa6b07fb38a478f9ceb219561,2.25.190807933410234695931591553323782771995,spine,1.0,0.6921105056298962,1.0
cc1471bec4b7fda41c657b0cc0fd52ab0fbf89288cb85e93e44977203dd82537,2.25.190807933410234695931591553323782771995,hip_left,0.0,0.17434209749731885,0.0
642b5ba6db5f0b000cf11cb7dbf08ec2221857b58dc49af5484f1c6aca9061d7,2.25.215177279960644564778148238928738915103,hip_left,1.0,0.16288668910289275,0.0
f209d927e192f13273503024439eebd7dc8b7c2edccc664878234e057be4f0f9,2.25.215177279960644564778148238928738915103,spine,0.0,0.5164429208692317,1.0
cccd7ccc49736e4ca4bbdb4e1c59179404ed3da663c19ceae9a8a6fe99916a41,2.25.215177279960644564778148238928738915103,hip_right,1.0,0.13010695783082912,0.0
836de3a47850f3a6178588de00803d370d8e4d2dc4945f537d5c87676d2f13d0,2.25.217397325224876728316360420804118329081,hip_left,0.0,0.2150244700408258,0.0
48c4a5deccc8f715e271315a3cf3f6ae3776637f8fc1b1032f2adea34ede6bdc,2.25.217397325224876728316360420804118329081,hip_right,0.0,0.4103292923633009,1.0
6802fe7fac196615782b998ec8c543b6bbd3de1978eab74f8cc767459cf80994,2.25.217397325224876728316360420804118329081,spine,0.0,0.2905948056478653,0.0
00dcb6c1ea9c22eac964e432bd5a1b5dc6b3e73e526614bc6cd4f7d8106d90b2,2.25.220866240977467582196609708837940253840,spine,1.0,0.7836924203064252,1.0
f0fad0c58cd55dcab0ed8da4b40af96462f484249d1e0252bcc785582592dc99,2.25.234651502352368356456298825489565282446,hip_right,1.0,0.845649898112204,1.0
e262075d1d5f5ea739889e835f26043ffc0b997d8033221fc06d81cc79f66217,2.25.234651502352368356456298825489565282446,spine,0.0,0.19504764527203022,0.0
520944684fb6cd5b54f6b4b32e63a62e0dd5ed91d9d4e5a1d5e04e831d18b68b,2.25.234651502352368356456298825489565282446,hip_left,1.0,0.8966642130228731,1.0
f07848728e844f2aa731d0653e53484b0580ee2ed03e1a4bae239585c37660fc,2.25.247714038039430659432048101646401574824,hip_left,0.0,0.16178484897238454,0.0
aa14eb5056d6f71db2633fa17fa189b71df483996b7b22b48c4f9e5f2e49e0eb,2.25.247714038039430659432048101646401574824,hip_right,0.0,0.19561698949430362,0.0
2bc41cbc3e2fd8a0a5bb5377640f786088662acee99e8a5d39c2915b9a4a36c4,2.25.247714038039430659432048101646401574824,spine,1.0,0.8405008641708182,1.0
e97d21e28a396af3b41c625a2800331e27758134d0c853530f7428914d1b7875,2.25.269648774413746842548908998641183395622,hip_right,0.0,0.2809440310031559,0.0
d05ddc577f7436de8e210aec062fdb6b75a93c10b7ebc60582d2a60d9c3c68be,2.25.269648774413746842548908998641183395622,spine,1.0,0.7134865774514226,1.0
3fcfd2e7d899e787fed2d75ea74993b073997f8329c700d12da8432905e60b6e,2.25.269648774413746842548908998641183395622,hip_left,0.0,0.4322070545571086,1.0
0c373c838b3e8a99180a5efefeae728b6706bb092f95f288ca54409fce5cdc61,2.25.269742577365511543488820993979123763373,spine,0.0,0.6350532232361853,1.0
3f20dc3cee1e5c1bde68147096abf1f9d09c857b5547d7e1b35550d1607e5a94,2.25.272690031744216183651627058502316132741,hip_right,0.0,0.2875794952094117,0.0
103b49eba17626ed317c41905900b10cb3e055aefd901d03d7b1cb32b48f913c,2.25.272690031744216183651627058502316132741,spine,0.0,0.7108508626599845,1.0
3ffe133675ce1d79c5ad95da989656cba50ca7be44f3c7d30f1e8ab13978ea03,2.25.272690031744216183651627058502316132741,hip_left,1.0,0.28444156346575983,0.0
e4710d493785286035fd4d22ea62f3a7d00dc0a6ad7a9259026e2d1712016431,2.25.276415754443998872860614500027519740375,spine,0.0,0.3170536028147169,0.0
7c453eb122acc63f75bf1c1f5602dfe10f3142493e154f0545b8d158634ab46e,2.25.276415754443998872860614500027519740375,hip_right,0.0,0.14072423843239631,0.0
6ccbbc67edc6bd2d35349f2ef33e2cd1b876ddc8b7358360c76edb5d7172a161,2.25.276415754443998872860614500027519740375,hip_left,0.0,0.13596565311692388,0.0
129aa062b5d71f04940ffd40c6c53a615494fb76803fe5f3093b60f4237f2af6,2.25.277752758923974029595977676354128739670,hip_right,0.0,0.16439005458692668,0.0
a7fbe99e09c0efb68f702367742e6f3b80e386bfd4ba2c764e66a587c2a239c9,2.25.277752758923974029595977676354128739670,hip_left,1.0,0.17569424139131953,0.0
8d626d0cc79e0a50fe5806e39556135c5f6f86c1dbb520d6164e399ad4ed1c97,2.25.277752758923974029595977676354128739670,spine,1.0,0.5679625763107966,1.0
ca14aacb4b2141249de3fe6600767d807dababbb4f390b5a22d342973bf655b6,2.25.286999464611662854355201599068538813496,hip_right,0.0,0.22374081121877346,0.0
3a489bc9571533cc007615280261ebd601582b44ca114a3737d3c712202ab2af,2.25.286999464611662854355201599068538813496,spine,0.0,0.4076580235028197,0.0
e44f36001de67b7c0b5fa38d5dc2b4a173354c33692710a190a522a7739b78c6,2.25.286999464611662854355201599068538813496,hip_left,0.0,0.17299488429876,0.0
8904ad5ebdbf101745b40d63476d95b52848d127b771d5455212a15a24d3eb2e,2.25.29638026465755240167985424461715024381,hip_right,0.0,0.15505142724221452,0.0
b3929033ab4b9cc0b61ab50df6b60bf47ec83f663759854faea42b449edc358d,2.25.29638026465755240167985424461715024381,spine,1.0,0.4264265751316023,0.0
d20f62773eab1606e11fa7b1fa9d4314f59118c2a9fdc209e9f7a71e028be516,2.25.29638026465755240167985424461715024381,hip_left,0.0,0.20798371697563686,0.0
74964ddeb13375e2ced0b6511e03c82ec5c90d4e2d4e0af0636ccfbd747b0c62,2.25.306921081709806079165809721263236241032,spine,0.0,0.15780900352148405,0.0
5cd08c988a9befbb61ee9ef90a481fad73a2e7db4f92ab1d39b34b0caf3ff710,2.25.307021710202910067378603383388989711646,spine,1.0,0.44439279290038874,1.0
db2373db9d639da33a955143f2b00d957570ffdb5035b83cf10c29dbd9518ba0,2.25.307021710202910067378603383388989711646,hip_right,0.0,0.2964146933286359,0.0
92076e94c515e124f6e0655801b61b1d7d6ef9bd822862e17c38e698313c0ea2,2.25.307021710202910067378603383388989711646,hip_left,0.0,0.39318930272054375,0.0
5f98a3c68cfc9e80ffae9b306acf04fc58e899ec5a8a072aab4027767a517c31,2.25.309085571913348252136520206003694446566,spine,1.0,0.3447518906258114,0.0
44a43e8ea2a350c5a5785d2a757e561fd69ea2149ef0719e7ea98a865434ab2c,2.25.309085571913348252136520206003694446566,hip_left,0.0,0.11826464416858985,0.0
13045f2c975dca19b7049370672d91da375c6289908c9904290ecfebddf28f47,2.25.309085571913348252136520206003694446566,hip_right,0.0,0.2211829050362957,0.0
e80c6883eeb2e81ee688d02b10c49d60f31e91a6ad67ebf5d52e628d3b835e2e,2.25.314147167453134440746270747484612743945,hip_right,0.0,0.4292827904850676,0.0
9304083d4eaf154f5c548e295db833bb9f41a036f1d08d4a3fb8d61d25ece12e,2.25.314147167453134440746270747484612743945,hip_left,0.0,0.31731785030701376,0.0
13350cb2864b95134bb46581c4bcf28fd75a22cda87e45371cc04096d238198a,2.25.314147167453134440746270747484612743945,spine,0.0,0.12148391029002441,0.0
122807a3c20178787bd04a1d4d82c47352ac935e49f0d67385dd67b58f214aaf,2.25.322202456901330781765399791024580391565,spine,0.0,0.12882608375949386,0.0
c52de557c3ce206c485b61a639d8be097e602569883a49788418e949eadf21c0,2.25.338439598607961312040815816824093323492,spine,1.0,0.6631727830746617,1.0
04ec94416f455c9ead920a95f2496d18c8bcd73fa3520ebed4348b50bb7bd3c7,2.25.339027809107632348165171236474821772940,hip_right,0.0,0.32985775733280126,1.0
f67b9e476d1d9eed9eabda39f5e9fb871f046fb10e1e3911b50661ea525552e0,2.25.339027809107632348165171236474821772940,spine,1.0,0.31996164453692555,0.0
df8918bff604d56aa70a8055e4c35c2b79cc1d9954b83e4a419f8f01507b924d,2.25.339027809107632348165171236474821772940,hip_left,0.0,0.23700301020628556,0.0
a1fc5a15ec98660b93ecb9d61fb19a1239b1c5cc94840fcbcc76ac7aada5edb8,2.25.340839477910528898406207279980417945,hip_left,0.0,0.27357690049275846,0.0
c763a1f169a8728e76db729cde200bd5fe5efe6175fd60eaf8976c95172536cc,2.25.340839477910528898406207279980417945,hip_right,0.0,0.28272866875176983,0.0
85e6380406597c8464bb085bf234e915a7923e51894778b8585945ef370304a0,2.25.340839477910528898406207279980417945,spine,0.0,0.2211459816808298,0.0
07504a18fc5ad91be405dca4a73bfb5fcd1f2c33f854c41e8365ae7ffd64313f,2.25.37515662379281069436632838996073181551,spine,1.0,0.612688710842643,1.0
b01b9ef803e2a7dc4980503d5184bc39a366448aab0a5c0a508b154668549c7f,2.25.37515662379281069436632838996073181551,hip_left,0.0,0.20228238957622338,0.0
292b1967e9b91f3bb022f2dc488e52d5b355150cca6c67677d261e2bd0917dc3,2.25.37515662379281069436632838996073181551,hip_right,0.0,0.23860774460396617,0.0
a3c77eb4fa2cfd994d87dde0c14c2499212bf223e8d9bcd1030881814dd48101,2.25.39068163399801173920284179500049527111,hip_right,1.0,0.7551792685186087,1.0
d56ab9d226dc5adf0a83978fdc747b5604840b6c7a96292d86ddc94f057340d3,2.25.39068163399801173920284179500049527111,hip_left,1.0,0.660153968390004,1.0
c869a9dc7993219e97d39a9f6e8920c978d2470469f45bccea544d1c837d5941,2.25.39068163399801173920284179500049527111,spine,1.0,0.2520676161564703,0.0
8fa00d3bce2b8e3f71b137e8fca189b99f359a7ac77271ef5824f3421ca77c02,2.25.48906424954135283790354958243772558962,hip_right,1.0,0.3816456356122276,0.0
14b58ec96c8dd899df6e52f9a76ed3c48f6902da79f74c7aa3326feefa6f94e0,2.25.48906424954135283790354958243772558962,hip_left,1.0,0.2353460400967333,0.0
9d178b427dcd243f153fcb6973e72ba03f96f51a1335425bf25bcf93a45d262d,2.25.48906424954135283790354958243772558962,spine,1.0,0.601265058601013,1.0
b03cc5f7b19d4cf40dcccb7aa2342422a16d3ee741cc1db3e656502fcbfec210,2.25.52532476139575422857225834315571570912,spine,1.0,0.5112155829327426,1.0
bcef46652b8ce899dd04c92db2205623979c695915a5a9a771c9d66ac64626b7,2.25.52982400970721161435951723390541696819,hip_right,0.0,0.0995810097972701,0.0
7a657c61851831f46635483610f8cdbf3ea5a137a7504bb4413a9035395ae10a,2.25.52982400970721161435951723390541696819,hip_left,0.0,0.20522808441150467,0.0
17fbbbc40d426a7d1d41034f96aff83b4e8771e4592c00b397775c3849b6c723,2.25.52982400970721161435951723390541696819,spine,1.0,0.7709654266068396,1.0
32ab9a9dc1df08d84a304706d14d810d696554225cbb902261e780bf83e86825,2.25.54396839637320114639948764487283877793,spine,0.0,0.5424779777834013,1.0
70cd56b9b2bc1213fc9534991816704ec49a9045bbd4caede027a0f8db99ac5b,2.25.59542620917302828428419211045951914336,spine,1.0,0.5355041801024595,1.0
778e125ffd3b721bea26c90aaef85ca0be7272ec18b38197113fd08a22b77110,2.25.65954778282254353457041255543338557112,hip_right,0.0,0.07662936326904374,0.0
b9e2baef0858f9e78d724882146364b3e610554b52dac81e861d0266c309681c,2.25.65954778282254353457041255543338557112,hip_left,0.0,0.10478530537040938,0.0
9b42ca6672aa68695d9b93871d232c8655a9e1c2a9adf8df8bb6ea8351c41c6e,2.25.65954778282254353457041255543338557112,spine,0.0,0.2852427758252769,0.0
7292645cf24d2f5e8273d169a0395ff83bd47d85e1c2c16e9c6e55e247d85f2c,2.25.66397484472966116002950503539482860450,hip_left,1.0,0.7154446768291512,1.0
e6b6cd8c5dccbf91bc0ed848784f70ebb3d19ab57ae163dc50ec36f32d3828b1,2.25.66397484472966116002950503539482860450,hip_right,1.0,0.621136546194543,1.0
38700eb729e45dffdc2dd79539d3df6cdd15198a184a11c256cfaff04dcc3b60,2.25.66397484472966116002950503539482860450,spine,0.0,0.0879121265523875,0.0
ae83fec1c19152c1a56da3b2023bb20f934a3fce32e75242658d5aea188af8a6,2.25.73070100851377917031356937075051545239,hip_left,1.0,0.3860394888594618,0.0
25ff9d64197c835823f83c7191be0cfb4bc43a7f26e66e8020e77b23418a638c,2.25.73070100851377917031356937075051545239,hip_right,1.0,0.5009466275038296,1.0
149730af6ad3e22cc0800520ead093b07e3365110343540a2efaf6bdffaecbb6,2.25.73070100851377917031356937075051545239,spine,1.0,0.5213478491364992,1.0
cb9373f7b6beac6e99ca4cdacde128a0c6a8ebde08aec9a276052580387997e4,2.25.76710355977373089612172037086913478687,hip_right,0.0,0.4267121745178582,1.0
82f592915f0b20e31a82fa1cf0e574566d2977361096bd6c4a757fb6d5494c4b,2.25.76710355977373089612172037086913478687,spine,0.0,0.21372125684903134,0.0
fccfab39b29dfceedaa7366c2947dade3723ba4f39619973764bd334a0329d9a,2.25.76710355977373089612172037086913478687,hip_left,0.0,0.18911705358208353,0.0
ad5cc956abe86205dae1830e7019cfa7d4a2e4344c87e7a9f6066187c46f1628,2.25.78999454687125053757525542837745968726,hip_left,1.0,0.3424326407678091,0.0
fae1ae1e35c13a5fe61874a1e29afb2978415f690b1979e2bad877f896724060,2.25.78999454687125053757525542837745968726,hip_right,1.0,0.5148278003334742,1.0
c9f0395a6e5a433fa6802f299c5d5a05b57b5059214a0ea7b0aab83d3446bf2c,2.25.78999454687125053757525542837745968726,spine,0.0,0.46608534044986144,1.0
6652281d5d6c65faeb2be1404750387fa46de01e9491cd1648f04f9fdfba477b,2.25.82912555346523716720160717883917565880,hip_left,0.0,0.27321840336810843,0.0
977af2df45fd95a28464b2d16409338e056999b86b7d73d63380c8af06940c6d,2.25.82912555346523716720160717883917565880,spine,0.0,0.1671799875687016,0.0
541e9aa3aeb8769a355c39106887272d1442629c5369935c17605b200fe71794,2.25.82912555346523716720160717883917565880,hip_right,1.0,0.4658424825419665,1.0
3788148dc6ac55fcee49f5ad28e0f5abfaa5d380d55eaffe9ca276b319b1f42a,2.25.87718478011637131470224319788530286374,spine,0.0,0.25857841446035107,0.0
07bf8aa6f91a48f8b59775ae50c342be263262786169822c8dfbb98611186643,2.25.87869906212286587478854831452123526595,hip_left,0.0,0.098939668976555,0.0
ceea0e016b38c78d1cb6b9e9ed424cd027aabd4234cb8ec9f89191fec448fc48,2.25.87869906212286587478854831452123526595,spine,1.0,0.664308729234467,1.0
c42bf001d5c49540c2edc31830e4aa3942bd381f8e258bc5d390263f3fd3b94c,2.25.87869906212286587478854831452123526595,hip_right,0.0,0.312112980603985,0.0
1cb85799580dc33c0fcbee1b34c70bd6d8a7ff76fad9300476aaeb6add273a0f,2.25.91981043841368764114007975581101713077,hip_left,0.0,0.11025746248032026,0.0
00e6315dd44bf19beb2b8d7a4188d6aca617cb00d6f3a367be35cb275c7f3a1e,2.25.91981043841368764114007975581101713077,hip_right,0.0,0.1239134699759236,0.0
f464eeb5d292a5e3d86c2bf8b935c663008a82ac6bb2dae9c636c6bb7e186d3e,2.25.91981043841368764114007975581101713077,spine,1.0,0.12331664027671446,0.0
