index,repeat,fold,study,source_path,true_region,predicted_region,quality_true,quality_score,quality_pred,violation_type
3,0,0,1.2.840.113619.2.110.512719.20250403092052,1.2.840.113619.2.110.512719.20250403092052/series_003_3_CR/DXA/CR DXA/CR000000.dcm,hip_right,hip_right,0,0.3828895623917605,1,Некорректная укладка
4,0,0,1.2.840.113619.2.110.512719.20250403092052,1.2.840.113619.2.110.512719.20250403092052/series_003_3_CR/DXA/CR DXA/CR000001.dcm,spine,spine,0,0.23499177068832902,0,
5,0,0,1.2.840.113619.2.110.512719.20250403092052,1.2.840.113619.2.110.512719.20250403092052/series_003_3_CR/DXA/CR DXA/CR000002.dcm,hip_left,hip_left,0,0.4525184528446275,1,Некорректная укладка
21,0,0,2.25.105033841136787477881326326053319223817,2.25.105033841136787477881326326053319223817/series_001_2_CR/A250790559 DXA/CR DXA/CR000000.dcm,spine,spine,0,0.36126618453677534,1,Не выровнена ось позвоночника
22,0,0,2.25.105033841136787477881326326053319223817,2.25.105033841136787477881326326053319223817/series_001_2_CR/A250790559 DXA/CR DXA/CR000002.dcm,hip_left,hip_left,0,0.3121164293147993,0,
23,0,0,2.25.105033841136787477881326326053319223817,2.25.105033841136787477881326326053319223817/series_001_2_CR/A250790559 DXA/CR DXA/CR000003.dcm,hip_right,hip_right,0,0.39950882899375656,1,Некорректная укладка
48,0,0,2.25.12798473087614376830819854616447908612,2.25.12798473087614376830819854616447908612/series_002_2_CR/A2507538847 DXA/CR DXA/CR000000.dcm,spine,spine,0,0.15265077464858037,0,
50,0,0,2.25.128630285053087246379265602913470285158,2.25.128630285053087246379265602913470285158/series_003_2_CR/A2504394821 DXA/CR DXA/CR000000.dcm,spine,spine,0,0.2905116485733014,0,
70,0,0,2.25.135241889065705954191821710363605596815,2.25.135241889065705954191821710363605596815/series_003_3_CR/A250715060 DXA/CR DXA/CR000000.dcm,hip_left,hip_left,0,0.5418378341359588,1,Некорректная укладка
71,0,0,2.25.135241889065705954191821710363605596815,2.25.135241889065705954191821710363605596815/series_003_3_CR/A250715060 DXA/CR DXA/CR000001.dcm,spine,spine,0,0.27717581432275895,0,
95,0,0,2.25.156389075510671877606923458507011517218,2.25.156389075510671877606923458507011517218/series_001_2_CR/A2507389755 DXA/CR DXA/CR000000.dcm,hip_right,hip_right,0,0.1665358126408453,0,
96,0,0,2.25.156389075510671877606923458507011517218,2.25.156389075510671877606923458507011517218/series_001_2_CR/A2507389755 DXA/CR DXA/CR000001.dcm,hip_left,hip_left,0,0.2019596878290992,0,
97,0,0,2.25.156389075510671877606923458507011517218,2.25.156389075510671877606923458507011517218/series_001_2_CR/A2507389755 DXA/CR DXA/CR000002.dcm,spine,spine,0,0.07225654189192553,0,
102,0,0,2.25.158646777318759504110695916200521633609,2.25.158646777318759504110695916200521633609/series_003_6_CR/A2507266260 DXA/CR DXA/CR000000.dcm,hip_right,hip_right,0,0.11859635715765666,0,
103,0,0,2.25.158646777318759504110695916200521633609,2.25.158646777318759504110695916200521633609/series_003_6_CR/A2507266260 DXA/CR DXA/CR000001.dcm,spine,spine,1,0.6201122305022108,1,Присутствуют посторонние предметы
104,0,0,2.25.158646777318759504110695916200521633609,2.25.158646777318759504110695916200521633609/series_003_6_CR/A2507266260 DXA/CR DXA/CR000003.dcm,hip_left,hip_left,0,0.13614437969697257,0,
112,0,0,2.25.165355673991587715046346525964554729786,2.25.165355673991587715046346525964554729786/series_003_3_CR/A2506448267 DXA/CR DXA/CR000000.dcm,hip_left,hip_left,0,0.2340324663993245,0,
113,0,0,2.25.165355673991587715046346525964554729786,2.25.165355673991587715046346525964554729786/series_003_3_CR/A2506448267 DXA/CR DXA/CR000001.dcm,spine,spine,1,0.5247746650430268,1,Присутствуют посторонние предметы
120,0,0,2.25.168317503020329569414190677927680518621,2.25.168317503020329569414190677927680518621/series_004_2_CR/A2507557128 DXA/CR DXA/CR000000.dcm,hip_left,hip_left,0,0.14437694140937385,0,
121,0,0,2.25.168317503020329569414190677927680518621,2.25.168317503020329569414190677927680518621/series_004_2_CR/A2507557128 DXA/CR DXA/CR000003.dcm,spine,spine,0,0.30059113274319316,0,
122,0,0,2.25.168317503020329569414190677927680518621,2.25.168317503020329569414190677927680518621/series_004_2_CR/A2507557128 DXA/CR DXA/CR000004.dcm,hip_right,hip_right,0,0.14930970725327553,0,
127,0,0,2.25.173731186748227489808861376513577450951,2.25.173731186748227489808861376513577450951/series_002_2_CR/A2507188958 DXA/CR DXA/CR000000.dcm,spine,spine,0,0.11743457153503144,0,
128,0,0,2.25.173731186748227489808861376513577450951,2.25.173731186748227489808861376513577450951/series_002_2_CR/A2507188958 DXA/CR DXA/CR000001.dcm,hip_left,hip_left,0,0.42926301707920783,1,Некорректная укладка
145,0,0,2.25.181196659018348153828200695057897449628,2.25.181196659018348153828200695057897449628/series_004_2_CR/A2507370620 DXA/CR DXA/CR000000.dcm,hip_left,hip_left,0,0.15285446334284514,0,
146,0,0,2.25.181196659018348153828200695057897449628,2.25.181196659018348153828200695057897449628/series_004_2_CR/A2507370620 DXA/CR DXA/CR000001.dcm,hip_right,hip_right,0,0.12176737302005647,0,
147,0,0,2.25.181196659018348153828200695057897449628,2.25.181196659018348153828200695057897449628/series_004_2_CR/A2507370620 DXA/CR DXA/CR000002.dcm,spine,spine,0,0.21541562710144777,0,
165,0,0,2.25.220866240977467582196609708837940253840,2.25.220866240977467582196609708837940253840/series_001_2_CR/A2504258893 DXA/CR DXA/CR000000.dcm,spine,spine,1,0.7791599259161734,1,Не выровнена ось позвоночника
176,0,0,2.25.272690031744216183651627058502316132741,2.25.272690031744216183651627058502316132741/series_002_2_CR/A2504373414 DXA/CR DXA/CR000000.dcm,hip_right,hip_right,0,0.36618907863220707,1,Некорректная укладка
177,0,0,2.25.272690031744216183651627058502316132741,2.25.272690031744216183651627058502316132741/series_002_2_CR/A2504373414 DXA/CR DXA/CR000001.dcm,spine,spine,0,0.744567455486381,1,Некорректная укладка;Не выровнена ось позвоночника
178,0,0,2.25.272690031744216183651627058502316132741,2.25.272690031744216183651627058502316132741/series_002_2_CR/A2504373414 DXA/CR DXA/CR000002.dcm,hip_left,hip_left,1,0.4119434523243211,1,Некорректная укладка
188,0,0,2.25.29638026465755240167985424461715024381,2.25.29638026465755240167985424461715024381/series_004_3_CR/A2504115579 DXA/CR DXA/CR000000.dcm,hip_right,hip_right,0,0.18055606758329956,0,
189,0,0,2.25.29638026465755240167985424461715024381,2.25.29638026465755240167985424461715024381/series_004_3_CR/A2504115579 DXA/CR DXA/CR000001.dcm,spine,spine,1,0.5078304584672889,1,Некорректная укладка
190,0,0,2.25.29638026465755240167985424461715024381,2.25.29638026465755240167985424461715024381/series_004_3_CR/A2504115579 DXA/CR DXA/CR000003.dcm,hip_left,hip_left,0,0.23026514164875359,0,
206,0,0,2.25.340839477910528898406207279980417945,2.25.340839477910528898406207279980417945/series_001_2_CR/A2504224555 DXA Exam/CR DXA Images/CR000000.dcm,hip_left,hip_left,0,0.3432769890486244,0,
207,0,0,2.25.340839477910528898406207279980417945,2.25.340839477910528898406207279980417945/series_001_2_CR/A2504224555 DXA Exam/CR DXA Images/CR000001.dcm,hip_right,hip_right,0,0.3550500669622836,0,
208,0,0,2.25.340839477910528898406207279980417945,2.25.340839477910528898406207279980417945/series_001_2_CR/A2504224555 DXA Exam/CR DXA Images/CR000002.dcm,spine,spine,0,0.15788272843713883,0,
212,0,0,2.25.39068163399801173920284179500049527111,2.25.39068163399801173920284179500049527111/series_002_2_CR/A2504195842 DXA/CR DXA/CR000000.dcm,hip_right,hip_right,1,0.8173129910675648,1,Некорректная укладка
213,0,0,2.25.39068163399801173920284179500049527111,2.25.39068163399801173920284179500049527111/series_002_2_CR/A2504195842 DXA/CR DXA/CR000001.dcm,hip_left,hip_left,1,0.7433263783880036,1,Некорректная укладка
214,0,0,2.25.39068163399801173920284179500049527111,2.25.39068163399801173920284179500049527111/series_002_2_CR/A2504195842 DXA/CR DXA/CR000002.dcm,spine,spine,1,0.22643155511950389,0,
223,0,0,2.25.59542620917302828428419211045951914336,2.25.59542620917302828428419211045951914336/series_001_2_CR/A2504303391 DXA/CR DXA/CR000000.dcm,spine,spine,1,0.6416159342099707,1,Присутствуют посторонние предметы
224,0,0,2.25.65954778282254353457041255543338557112,2.25.65954778282254353457041255543338557112/series_004_3_CR/A2504246289 DXA/CR DXA/CR000000.dcm,hip_right,hip_right,0,0.11055953347710777,0,
225,0,0,2.25.65954778282254353457041255543338557112,2.25.65954778282254353457041255543338557112/series_004_3_CR/A2504246289 DXA/CR DXA/CR000001.dcm,hip_left,hip_left,0,0.11185885723137613,0,
226,0,0,2.25.65954778282254353457041255543338557112,2.25.65954778282254353457041255543338557112/series_004_3_CR/A2504246289 DXA/CR DXA/CR000002.dcm,spine,spine,0,0.26593938761234587,0,
246,0,0,2.25.91981043841368764114007975581101713077,2.25.91981043841368764114007975581101713077/series_003_2_CR/A250496619 DXA/CR DXA/CR000000.dcm,hip_left,hip_left,0,0.17293344599176155,0,
247,0,0,2.25.91981043841368764114007975581101713077,2.25.91981043841368764114007975581101713077/series_003_2_CR/A250496619 DXA/CR DXA/CR000002.dcm,hip_right,hip_right,0,0.15661025192385028,0,
248,0,0,2.25.91981043841368764114007975581101713077,2.25.91981043841368764114007975581101713077/series_003_2_CR/A250496619 DXA/CR DXA/CR000004.dcm,spine,spine,1,0.11089460647991028,0,
12,0,1,2.25.102755089973625799055786462646268820450,2.25.102755089973625799055786462646268820450/series_002_2_CR/A2504257770 DXA/CR DXA/CR000000.dcm,hip_left,hip_left,0,0.5167058694191508,1,Некорректная область интереса
13,0,1,2.25.102755089973625799055786462646268820450,2.25.102755089973625799055786462646268820450/series_002_2_CR/A2504257770 DXA/CR DXA/CR000001.dcm,spine,spine,1,0.7718272040130092,1,Не выровнена ось позвоночника
14,0,1,2.25.102755089973625799055786462646268820450,2.25.102755089973625799055786462646268820450/series_002_2_CR/A2504257770 DXA/CR DXA/CR000002.dcm,hip_right,hip_right,1,0.32543009007421575,0,
18,0,1,2.25.103868781101960771917584077315578649178,2.25.103868781101960771917584077315578649178/series_001_3_CR/A2507485409 DXA/CR DXA/CR000000.dcm,hip_left,hip_left,0,0.2547444700879291,0,
19,0,1,2.25.103868781101960771917584077315578649178,2.25.103868781101960771917584077315578649178/series_001_3_CR/A2507485409 DXA/CR DXA/CR000001.dcm,hip_right,hip_right,0,0.1139596076337235,0,
20,0,1,2.25.103868781101960771917584077315578649178,2.25.103868781101960771917584077315578649178/series_001_3_CR/A2507485409 DXA/CR DXA/CR000002.dcm,spine,spine,0,0.224087592985774,0,
37,0,1,2.25.123175695355749859846173904788591707879,2.25.123175695355749859846173904788591707879/series_001_2_CR/A250722449 DXA/CR DXA/CR000000.dcm,spine,spine,0,0.4317427673413848,0,
49,0,1,2.25.128197189461989832465575162384360009377,2.25.128197189461989832465575162384360009377/series_001_2_CR/A2507216909 DXA/CR DXA/CR000000.dcm,spine,spine,0,0.1092738567942965,0,
51,0,1,2.25.128990540359421489042453547244535073735,2.25.128990540359421489042453547244535073735/series_002_2_CR/A2507388698 DXA/CR DXA/CR000000.dcm,hip_left,hip_left,1,0.38706173028567137,1,Некорректная укладка
52,0,1,2.25.128990540359421489042453547244535073735,2.25.128990540359421489042453547244535073735/series_002_2_CR/A2507388698 DXA/CR DXA/CR000001.dcm,spine,spine,1,0.23524718523604402,0,
53,0,1,2.25.128990540359421489042453547244535073735,2.25.128990540359421489042453547244535073735/series_002_2_CR/A2507388698 DXA/CR DXA/CR000003.dcm,hip_right,hip_right,1,0.5466637425696933,1,Некорректная укладка
55,0,1,2.25.13069823278093578548407087310307113784,2.25.13069823278093578548407087310307113784/series_003_2_CR/A2507242667 DXA/CR DXA/CR000000.dcm,hip_left,hip_left,1,0.6298586560167498,1,Некорректная укладка;Некорректная область интереса
56,0,1,2.25.13069823278093578548407087310307113784,2.25.13069823278093578548407087310307113784/series_003_2_CR/A2507242667 DXA/CR DXA/CR000001.dcm,spine,spine,0,0.12288361157144695,0,
57,0,1,2.25.13069823278093578548407087310307113784,2.25.13069823278093578548407087310307113784/series_003_2_CR/A2507242667 DXA/CR DXA/CR000002.dcm,hip_right,hip_right,1,0.8702266272470661,1,Некорректная укладка;Некорректная область интереса
77,0,1,2.25.13983650679559142983913935144968795415,2.25.13983650679559142983913935144968795415/series_003_2_CR/A2504335111 DXA/CR DXA/CR000000.dcm,spine,spine,0,0.502201906652835,1,Присутствуют посторонние предметы
78,0,1,2.25.13983650679559142983913935144968795415,2.25.13983650679559142983913935144968795415/series_003_2_CR/A2504335111 DXA/CR DXA/CR000001.dcm,hip_right,hip_right,0,0.1364658808163722,0,
79,0,1,2.25.13983650679559142983913935144968795415,2.25.13983650679559142983913935144968795415/series_003_2_CR/A2504335111 DXA/CR DXA/CR000002.dcm,hip_left,hip_left,0,0.1330990825640763,0,
83,0,1,2.25.145848300160680194368420189079847088556,2.25.145848300160680194368420189079847088556/series_002_2_CR/A2504248615 DXA Exam/CR DXA Images/CR000000.dcm,hip_right,hip_right,0,0.3166945886678977,0,
84,0,1,2.25.145848300160680194368420189079847088556,2.25.145848300160680194368420189079847088556/series_002_2_CR/A2504248615 DXA Exam/CR DXA Images/CR000001.dcm,hip_left,hip_left,1,0.37516277268709564,1,Некорректная укладка
85,0,1,2.25.145848300160680194368420189079847088556,2.25.145848300160680194368420189079847088556/series_002_2_CR/A2504248615 DXA Exam/CR DXA Images/CR000002.dcm,spine,spine,0,0.1964416562882946,0,
89,0,1,2.25.156021661584944120526934974594604520993,2.25.156021661584944120526934974594604520993/series_003_2_CR/A2507142228 DXA/CR DXA/CR000000.dcm,spine,spine,0,0.5097221375782638,1,Некорректная укладка
90,0,1,2.25.156021661584944120526934974594604520993,2.25.156021661584944120526934974594604520993/series_003_2_CR/A2507142228 DXA/CR DXA/CR000001.dcm,hip_left,hip_left,0,0.20082243204165626,0,
91,0,1,2.25.156021661584944120526934974594604520993,2.25.156021661584944120526934974594604520993/series_003_2_CR/A2507142228 DXA/CR DXA/CR000003.dcm,hip_right,hip_right,0,0.08216610522332769,0,
101,0,1,2.25.158197739569377798130962967413133224194,2.25.158197739569377798130962967413133224194/series_002_2_CR/A2504245497 DXA/CR DXA/CR000000.dcm,spine,spine,0,0.27626477942920274,0,
129,0,1,2.25.173753313169335820519632380691065649420,2.25.173753313169335820519632380691065649420/series_003_2_CR/A2504265499 DXA/CR DXA/CR000000.dcm,hip_right,hip_right,1,0.5871339786380516,1,Некорректная укладка
130,0,1,2.25.173753313169335820519632380691065649420,2.25.173753313169335820519632380691065649420/series_003_2_CR/A2504265499 DXA/CR DXA/CR000002.dcm,spine,spine,1,0.33307575174916443,0,
131,0,1,2.25.173753313169335820519632380691065649420,2.25.173753313169335820519632380691065649420/series_003_2_CR/A2504265499 DXA/CR DXA/CR000003.dcm,hip_left,hip_left,0,0.4249039285247824,1,Некорректная укладка
135,0,1,2.25.175903805423871105435148927871625232853,2.25.175903805423871105435148927871625232853/series_001_2_CR/A2507159447 DXA/CR DXA/CR000000.dcm,spine,spine,0,0.09419727261010151,0,
136,0,1,2.25.175903805423871105435148927871625232853,2.25.175903805423871105435148927871625232853/series_001_2_CR/A2507159447 DXA/CR DXA/CR000001.dcm,hip_right,hip_right,0,0.157163590793057,0,
137,0,1,2.25.175903805423871105435148927871625232853,2.25.175903805423871105435148927871625232853/series_001_2_CR/A2507159447 DXA/CR DXA/CR000002.dcm,hip_left,hip_left,0,0.2080895271819556,0,
141,0,1,2.25.177745077805190810016231350557005569203,2.25.177745077805190810016231350557005569203/series_002_2_CR/A2504273759 DXA/CR DXA/CR000000.dcm,hip_left,hip_left,0,0.734126398662021,1,Некорректная укладка
142,0,1,2.25.177745077805190810016231350557005569203,2.25.177745077805190810016231350557005569203/series_002_2_CR/A2504273759 DXA/CR DXA/CR000001.dcm,spine,spine,0,0.4693622846988797,1,Присутствуют посторонние предметы
143,0,1,2.25.177745077805190810016231350557005569203,2.25.177745077805190810016231350557005569203/series_002_2_CR/A2504273759 DXA/CR DXA/CR000004.dcm,hip_right,hip_right,0,0.5511384109982809,1,Некорректная укладка
162,0,1,2.25.217397325224876728316360420804118329081,2.25.217397325224876728316360420804118329081/series_002_2_CR/A250474631 DXA/CR DXA/CR000000.dcm,hip_left,hip_left,0,0.184236915193701,0,
163,0,1,2.25.217397325224876728316360420804118329081,2.25.217397325224876728316360420804118329081/series_002_2_CR/A250474631 DXA/CR DXA/CR000001.dcm,hip_right,hip_right,0,0.42587327111033213,1,Некорректная укладка
164,0,1,2.25.217397325224876728316360420804118329081,2.25.217397325224876728316360420804118329081/series_002_2_CR/A250474631 DXA/CR DXA/CR000002.dcm,spine,spine,0,0.2712750699881364,0,
169,0,1,2.25.247714038039430659432048101646401574824,2.25.247714038039430659432048101646401574824/series_002_2_CR/A2504238024 DXA Exam/CR DXA Images/CR000000.dcm,hip_left,hip_left,0,0.16893956105351138,0,
170,0,1,2.25.247714038039430659432048101646401574824,2.25.247714038039430659432048101646401574824/series_002_2_CR/A2504238024 DXA Exam/CR DXA Images/CR000001.dcm,hip_right,hip_right,0,0.2385121691129518,0,
171,0,1,2.25.247714038039430659432048101646401574824,2.25.247714038039430659432048101646401574824/series_002_2_CR/A2504238024 DXA Exam/CR DXA Images/CR000002.dcm,spine,spine,1,0.8211835502710431,1,Присутствуют посторонние предметы
179,0,1,2.25.276415754443998872860614500027519740375,2.25.276415754443998872860614500027519740375/series_002_2_CR/A2504387089 DXA/CR DXA/CR000000.dcm,spine,spine,0,0.37208206414583733,0,
180,0,1,2.25.276415754443998872860614500027519740375,2.25.276415754443998872860614500027519740375/series_002_2_CR/A2504387089 DXA/CR DXA/CR000002.dcm,hip_right,hip_right,0,0.14385931443506916,0,
181,0,1,2.25.276415754443998872860614500027519740375,2.25.276415754443998872860614500027519740375/series_002_2_CR/A2504387089 DXA/CR DXA/CR000003.dcm,hip_left,hip_left,0,0.12800094738654413,0,
182,0,1,2.25.277752758923974029595977676354128739670,2.25.277752758923974029595977676354128739670/series_002_2_CR/A2504223752 DXA/CR DXA/CR000000.dcm,hip_right,hip_right,0,0.1500818211225706,0,
183,0,1,2.25.277752758923974029595977676354128739670,2.25.277752758923974029595977676354128739670/series_002_2_CR/A2504223752 DXA/CR DXA/CR000001.dcm,hip_left,hip_left,1,0.16747939436191683,0,
184,0,1,2.25.277752758923974029595977676354128739670,2.25.277752758923974029595977676354128739670/series_002_2_CR/A2504223752 DXA/CR DXA/CR000004.dcm,spine,spine,1,0.5783860959848384,1,Присутствуют посторонние предметы
191,0,1,2.25.306921081709806079165809721263236241032,2.25.306921081709806079165809721263236241032/series_002_2_CR/A2504381177 DXA/CR DXA/CR000000.dcm,spine,spine,0,0.1994067000392006,0,
195,0,1,2.25.309085571913348252136520206003694446566,2.25.309085571913348252136520206003694446566/series_002_2_CR/A2504116267 DXA/CR DXA/CR000000.dcm,spine,spine,1,0.3690757737188521,0,
196,0,1,2.25.309085571913348252136520206003694446566,2.25.309085571913348252136520206003694446566/series_002_2_CR/A2504116267 DXA/CR DXA/CR000001.dcm,hip_left,hip_left,0,0.07696123864514047,0,
197,0,1,2.25.309085571913348252136520206003694446566,2.25.309085571913348252136520206003694446566/series_002_2_CR/A2504116267 DXA/CR DXA/CR000002.dcm,hip_right,hip_right,0,0.25051178522513623,0,
201,0,1,2.25.322202456901330781765399791024580391565,2.25.322202456901330781765399791024580391565/series_002_2_CR/A2504350020 DXA/CR DXA/CR000000.dcm,spine,spine,0,0.12613530842270992,0,
227,0,1,2.25.66397484472966116002950503539482860450,2.25.66397484472966116002950503539482860450/series_001_2_CR/A2504194637 DXA/CR DXA/CR000000.dcm,hip_left,hip_left,1,0.7790516442907758,1,Некорректная укладка
228,0,1,2.25.66397484472966116002950503539482860450,2.25.66397484472966116002950503539482860450/series_001_2_CR/A2504194637 DXA/CR DXA/CR000003.dcm,hip_right,hip_right,1,0.6903991188345223,1,Некорректная укладка
229,0,1,2.25.66397484472966116002950503539482860450,2.25.66397484472966116002950503539482860450/series_001_2_CR/A2504194637 DXA/CR DXA/CR000004.dcm,spine,spine,0,0.08881993970374702,0,
230,0,1,2.25.73070100851377917031356937075051545239,2.25.73070100851377917031356937075051545239/series_002_2_CR/A2504239110 DXA/CR DXA/CR000000.dcm,hip_left,hip_left,1,0.4711350826874921,1,Некорректная укладка
231,0,1,2.25.73070100851377917031356937075051545239,2.25.73070100851377917031356937075051545239/series_002_2_CR/A2504239110 DXA/CR DXA/CR000001.dcm,hip_right,hip_right,1,0.5987837042830847,1,Некорректная укладка
232,0,1,2.25.73070100851377917031356937075051545239,2.25.73070100851377917031356937075051545239/series_002_2_CR/A2504239110 DXA/CR DXA/CR000002.dcm,spine,spine,1,0.42959128236623134,0,
15,0,2,2.25.102965897799404973225419898683246248872,2.25.102965897799404973225419898683246248872/series_001_2_CR/A250726353 DXA/CR DXA/CR000000.dcm,hip_left,hip_left,0,0.2833558202677183,0,
16,0,2,2.25.102965897799404973225419898683246248872,2.25.102965897799404973225419898683246248872/series_001_2_CR/A250726353 DXA/CR DXA/CR000001.dcm,spine,spine,0,0.4930801987381315,1,Некорректная укладка
17,0,2,2.25.102965897799404973225419898683246248872,2.25.102965897799404973225419898683246248872/series_001_2_CR/A250726353 DXA/CR DXA/CR000002.dcm,hip_right,hip_right,0,0.277835729225314,0,
24,0,2,2.25.108537195937431169718850276671337677972,2.25.108537195937431169718850276671337677972/series_002_2_CR/A250479795 DXA/CR DXA/CR000000.dcm,spine,spine,0,0.3594830922770889,0,
38,0,2,2.25.124890633326693921702195356152595253940,2.25.124890633326693921702195356152595253940/series_002_2_CR/A2504263153 DXA/CR DXA/CR000000.dcm,spine,spine,0,0.34995726950423706,0,
39,0,2,2.25.124890633326693921702195356152595253940,2.25.124890633326693921702195356152595253940/series_002_2_CR/A2504263153 DXA/CR DXA/CR000001.dcm,hip_left,hip_left,0,0.17149827829707587,0,
40,0,2,2.25.124890633326693921702195356152595253940,2.25.124890633326693921702195356152595253940/series_002_2_CR/A2504263153 DXA/CR DXA/CR000002.dcm,hip_right,hip_right,0,0.1356194848686473,0,
54,0,2,2.25.129239680100193368599713239115902740628,2.25.129239680100193368599713239115902740628/series_003_3_CR/A250757345 DXA/CR DXA/CR000000.dcm,hip_left,hip_left,1,0.6034267268550781,1,Некорректная укладка
64,0,2,2.25.13325817932854000792938662637654885530,2.25.13325817932854000792938662637654885530/series_002_2_CR/A2507365486 DXA/CR DXA/CR000000.dcm,spine,spine,0,0.2980137538280236,0,
65,0,2,2.25.13325817932854000792938662637654885530,2.25.13325817932854000792938662637654885530/series_002_2_CR/A2507365486 DXA/CR DXA/CR000001.dcm,hip_left,hip_left,1,0.36819325284817167,0,
66,0,2,2.25.13325817932854000792938662637654885530,2.25.13325817932854000792938662637654885530/series_002_2_CR/A2507365486 DXA/CR DXA/CR000005.dcm,hip_right,hip_right,0,0.4749141463097251,0,
73,0,2,2.25.137344827330550141320158285144101816664,2.25.137344827330550141320158285144101816664/series_003_3_CR/A2507146630 DXA/CR DXA/CR000000.dcm,spine,spine,0,0.6431823111707057,1,Присутствуют посторонние предметы
74,0,2,2.25.137344827330550141320158285144101816664,2.25.137344827330550141320158285144101816664/series_003_3_CR/A2507146630 DXA/CR DXA/CR000001.dcm,hip_left,hip_left,0,0.20164821471788227,0,
75,0,2,2.25.137344827330550141320158285144101816664,2.25.137344827330550141320158285144101816664/series_003_3_CR/A2507146630 DXA/CR DXA/CR000002.dcm,hip_right,hip_right,0,0.28705219373940594,0,
98,0,2,2.25.157462338378550185821790046400986801350,2.25.157462338378550185821790046400986801350/series_001_2_CR/A2507498707 DXA/CR DXA/CR000000.dcm,spine,spine,0,0.3120471927165467,0,
99,0,2,2.25.157462338378550185821790046400986801350,2.25.157462338378550185821790046400986801350/series_001_2_CR/A2507498707 DXA/CR DXA/CR000001.dcm,hip_right,hip_right,1,0.458469064144762,0,
100,0,2,2.25.157462338378550185821790046400986801350,2.25.157462338378550185821790046400986801350/series_001_2_CR/A2507498707 DXA/CR DXA/CR000003.dcm,hip_left,hip_left,1,0.4296841783026741,0,
105,0,2,2.25.159930383074323525630608416881201447861,2.25.159930383074323525630608416881201447861/series_002_2_CR/A2507139428 DXA/CR DXA/CR000000.dcm,spine,spine,0,0.24049966938128384,0,
106,0,2,2.25.164566280810634620154538016595892212884,2.25.164566280810634620154538016595892212884/series_001_2_CR/A2504291878 DXA Exam/CR DXA Images/CR000000.dcm,hip_right,hip_right,1,0.22145179614781943,0,
107,0,2,2.25.164566280810634620154538016595892212884,2.25.164566280810634620154538016595892212884/series_001_2_CR/A2504291878 DXA Exam/CR DXA Images/CR000001.dcm,spine,spine,1,0.46610343240095037,1,Некорректная укладка
108,0,2,2.25.164566280810634620154538016595892212884,2.25.164566280810634620154538016595892212884/series_001_2_CR/A2504291878 DXA Exam/CR DXA Images/CR000002.dcm,hip_left,hip_left,0,0.05433378732197295,0,
123,0,2,2.25.169242707068684757906797344800977707240,2.25.169242707068684757906797344800977707240/series_003_2_CR/A2507185832 DXA/CR DXA/CR000000.dcm,spine,spine,0,0.18166995100372615,0,
148,0,2,2.25.184198356665635336833172191504278054074,2.25.184198356665635336833172191504278054074/series_004_2_CR/A250788286 DXA/CR DXA/CR000000.dcm,spine,spine,0,0.319890999963004,0,
149,0,2,2.25.184198356665635336833172191504278054074,2.25.184198356665635336833172191504278054074/series_004_2_CR/A250788286 DXA/CR DXA/CR000001.dcm,hip_left,hip_left,0,0.12132740319624345,0,
150,0,2,2.25.184198356665635336833172191504278054074,2.25.184198356665635336833172191504278054074/series_004_2_CR/A250788286 DXA/CR DXA/CR000002.dcm,hip_right,hip_right,0,0.16772419109348746,0,
157,0,2,2.25.190807933410234695931591553323782771995,2.25.190807933410234695931591553323782771995/series_002_3_CR/A250762254 DXA/CR DXA/CR000000.dcm,spine,spine,1,0.7006504466988237,1,Присутствуют посторонние предметы
158,0,2,2.25.190807933410234695931591553323782771995,2.25.190807933410234695931591553323782771995/series_002_3_CR/A250762254 DXA/CR DXA/CR000001.dcm,hip_left,hip_left,0,0.13682895925062386,0,
185,0,2,2.25.286999464611662854355201599068538813496,2.25.286999464611662854355201599068538813496/series_003_2_CR/A2504223477 DXA/CR DXA/CR000000.dcm,hip_right,hip_right,0,0.2447199364452289,0,
186,0,2,2.25.286999464611662854355201599068538813496,2.25.286999464611662854355201599068538813496/series_003_2_CR/A2504223477 DXA/CR DXA/CR000001.dcm,spine,spine,0,0.4003771863846696,1,Некорректная укладка
187,0,2,2.25.286999464611662854355201599068538813496,2.25.286999464611662854355201599068538813496/series_003_2_CR/A2504223477 DXA/CR DXA/CR000002.dcm,hip_left,hip_left,0,0.17861234960484026,0,
192,0,2,2.25.307021710202910067378603383388989711646,2.25.307021710202910067378603383388989711646/series_004_2_CR/A2504110565 DXA/CR DXA/CR000000.dcm,spine,spine,1,0.5387217142359444,1,Присутствуют посторонние предметы
193,0,2,2.25.307021710202910067378603383388989711646,2.25.307021710202910067378603383388989711646/series_004_2_CR/A2504110565 DXA/CR DXA/CR000001.dcm,hip_right,hip_right,0,0.3339347214453037,0,
194,0,2,2.25.307021710202910067378603383388989711646,2.25.307021710202910067378603383388989711646/series_004_2_CR/A2504110565 DXA/CR DXA/CR000004.dcm,hip_left,hip_left,0,0.3576677736824731,0,
215,0,2,2.25.48906424954135283790354958243772558962,2.25.48906424954135283790354958243772558962/series_001_2_CR/A2504185596 DXA Exam/CR DXA Images/CR000000.dcm,hip_right,hip_right,1,0.2679194956923819,0,
216,0,2,2.25.48906424954135283790354958243772558962,2.25.48906424954135283790354958243772558962/series_001_2_CR/A2504185596 DXA Exam/CR DXA Images/CR000001.dcm,hip_left,hip_left,1,0.1500389918874264,0,
217,0,2,2.25.48906424954135283790354958243772558962,2.25.48906424954135283790354958243772558962/series_001_2_CR/A2504185596 DXA Exam/CR DXA Images/CR000002.dcm,spine,spine,1,0.6079474898418568,1,Присутствуют посторонние предметы
219,0,2,2.25.52982400970721161435951723390541696819,2.25.52982400970721161435951723390541696819/series_001_2_CR/A2504331065 DXA/CR DXA/CR000000.dcm,hip_right,hip_right,0,0.0923432954387069,0,
220,0,2,2.25.52982400970721161435951723390541696819,2.25.52982400970721161435951723390541696819/series_001_2_CR/A2504331065 DXA/CR DXA/CR000001.dcm,hip_left,hip_left,0,0.13485587453227568,0,
221,0,2,2.25.52982400970721161435951723390541696819,2.25.52982400970721161435951723390541696819/series_001_2_CR/A2504331065 DXA/CR DXA/CR000002.dcm,spine,spine,1,0.7362072705093552,1,Некорректная укладка
236,0,2,2.25.78999454687125053757525542837745968726,2.25.78999454687125053757525542837745968726/series_004_3_CR/A2504222617 DXA/CR DXA/CR000000.dcm,hip_left,hip_left,1,0.3293511787013907,0,
237,0,2,2.25.78999454687125053757525542837745968726,2.25.78999454687125053757525542837745968726/series_004_3_CR/A2504222617 DXA/CR DXA/CR000001.dcm,hip_right,hip_right,1,0.49519669730432275,0,
238,0,2,2.25.78999454687125053757525542837745968726,2.25.78999454687125053757525542837745968726/series_004_3_CR/A2504222617 DXA/CR DXA/CR000002.dcm,spine,spine,0,0.4709331195098307,1,Присутствуют посторонние предметы
242,0,2,2.25.87718478011637131470224319788530286374,2.25.87718478011637131470224319788530286374/series_002_2_CR/A2504337993 DXA/CR DXA/CR000000.dcm,spine,spine,0,0.2616352101669026,0,
9,0,3,2.25.10245777060263212829333021434108890537,2.25.10245777060263212829333021434108890537/series_003_2_CR/A2504412435 DXA/CR DXA/CR000000.dcm,hip_right,hip_right,0,0.2687016845225905,0,
10,0,3,2.25.10245777060263212829333021434108890537,2.25.10245777060263212829333021434108890537/series_003_2_CR/A2504412435 DXA/CR DXA/CR000001.dcm,spine,spine,0,0.1810287561794547,0,
11,0,3,2.25.10245777060263212829333021434108890537,2.25.10245777060263212829333021434108890537/series_003_2_CR/A2504412435 DXA/CR DXA/CR000002.dcm,hip_left,hip_left,0,0.2122247402063905,0,
25,0,3,2.25.11175860580562939441493697221497597640,2.25.11175860580562939441493697221497597640/series_003_2_CR/A2507431060 DXA/CR DXA/CR000001.dcm,spine,spine,1,0.5316260938002574,1,Присутствуют посторонние предметы
26,0,3,2.25.11175860580562939441493697221497597640,2.25.11175860580562939441493697221497597640/series_003_2_CR/A2507431060 DXA/CR DXA/CR000002.dcm,hip_left,hip_left,0,0.059539538998519444,0,
28,0,3,2.25.114887542067602662452692698814728642117,2.25.114887542067602662452692698814728642117/series_001_2_CR/A2504131887 DXA/CR DXA/CR000000.dcm,hip_right,hip_right,1,0.42352143310165796,1,Некорректная укладка
29,0,3,2.25.114887542067602662452692698814728642117,2.25.114887542067602662452692698814728642117/series_001_2_CR/A2504131887 DXA/CR DXA/CR000001.dcm,hip_left,hip_left,1,0.16483140467723062,0,
30,0,3,2.25.114887542067602662452692698814728642117,2.25.114887542067602662452692698814728642117/series_001_2_CR/A2504131887 DXA/CR DXA/CR000004.dcm,spine,spine,1,0.25552463935583264,0,
34,0,3,2.25.122446767306607067205618235949445789306,2.25.122446767306607067205618235949445789306/series_001_2_CR/A2504255080 DXA/CR DXA/CR000000.dcm,hip_right,hip_right,1,0.5844216080208237,1,Некорректная область интереса
35,0,3,2.25.122446767306607067205618235949445789306,2.25.122446767306607067205618235949445789306/series_001_2_CR/A2504255080 DXA/CR DXA/CR000001.dcm,hip_left,hip_left,1,0.44427345527321593,1,Некорректная укладка
36,0,3,2.25.122446767306607067205618235949445789306,2.25.122446767306607067205618235949445789306/series_001_2_CR/A2504255080 DXA/CR DXA/CR000002.dcm,spine,spine,0,0.3430658161288766,0,
41,0,3,2.25.125521310320333648427417313254965624364,2.25.125521310320333648427417313254965624364/series_001_2_CR/A250444126 DXA/CR DXA/CR000000.dcm,spine,spine,1,0.7027774584934141,1,Некорректная укладка;Не выровнена ось позвоночника
61,0,3,2.25.132272637351979990811754009849547633391,2.25.132272637351979990811754009849547633391/series_003_3_CR/A2504141080 DXA/CR DXA/CR000000.dcm,hip_left,hip_left,0,0.2779150782007582,0,
62,0,3,2.25.132272637351979990811754009849547633391,2.25.132272637351979990811754009849547633391/series_003_3_CR/A2504141080 DXA/CR DXA/CR000001.dcm,hip_right,hip_right,0,0.2390681437906075,0,
63,0,3,2.25.132272637351979990811754009849547633391,2.25.132272637351979990811754009849547633391/series_003_3_CR/A2504141080 DXA/CR DXA/CR000002.dcm,spine,spine,0,0.9282432633982473,1,Не выровнена ось позвоночника;Присутствуют посторонние предметы
72,0,3,2.25.13566237352084812982996047541944701548,2.25.13566237352084812982996047541944701548/series_002_2_CR/A2504268931 DXA/CR DXA/CR000000.dcm,spine,spine,0,0.20956481970061105,0,
76,0,3,2.25.137675513852774974135210999345676405116,2.25.137675513852774974135210999345676405116/series_001_2_CR/A2504106597 DXA/CR DXA/CR000000.dcm,spine,spine,0,0.2111091319364363,0,
86,0,3,2.25.151186844055172005615813066162721550889,2.25.151186844055172005615813066162721550889/series_002_2_CR/A250436130 DXA/CR DXA/CR000000.dcm,spine,spine,0,0.376125643796185,0,
87,0,3,2.25.151186844055172005615813066162721550889,2.25.151186844055172005615813066162721550889/series_002_2_CR/A250436130 DXA/CR DXA/CR000001.dcm,hip_left,hip_left,0,0.22516093437771748,0,
88,0,3,2.25.151186844055172005615813066162721550889,2.25.151186844055172005615813066162721550889/series_002_2_CR/A250436130 DXA/CR DXA/CR000002.dcm,hip_right,hip_right,0,0.530552858063006,1,Некорректная укладка
109,0,3,2.25.165091430504580219034019815337441064349,2.25.165091430504580219034019815337441064349/series_001_2_CR/A2504415443 DXA/CR DXA/CR000000.dcm,hip_right,hip_right,0,0.4850791253997428,1,Некорректная область интереса
110,0,3,2.25.165091430504580219034019815337441064349,2.25.165091430504580219034019815337441064349/series_001_2_CR/A2504415443 DXA/CR DXA/CR000001.dcm,hip_left,hip_left,1,0.2894950571012131,0,
111,0,3,2.25.165091430504580219034019815337441064349,2.25.165091430504580219034019815337441064349/series_001_2_CR/A2504415443 DXA/CR DXA/CR000002.dcm,spine,spine,0,0.45239339323669725,1,Не выровнена ось позвоночника
114,0,3,2.25.167344201679287285499405412654740659745,2.25.167344201679287285499405412654740659745/series_003_2_CR/A2504249537 DXA/CR DXA/CR000000.dcm,hip_right,hip_right,0,0.18913359716899703,0,
115,0,3,2.25.167344201679287285499405412654740659745,2.25.167344201679287285499405412654740659745/series_003_2_CR/A2504249537 DXA/CR DXA/CR000001.dcm,hip_left,hip_left,0,0.24861429422418535,0,
116,0,3,2.25.167344201679287285499405412654740659745,2.25.167344201679287285499405412654740659745/series_003_2_CR/A2504249537 DXA/CR DXA/CR000002.dcm,spine,spine,0,0.36798490872450856,0,
117,0,3,2.25.16773626720107440979805052259711419763,2.25.16773626720107440979805052259711419763/series_004_2_CR/A2507537392 DXA/CR DXA/CR000000.dcm,spine,spine,0,0.34142484717855986,0,
118,0,3,2.25.16773626720107440979805052259711419763,2.25.16773626720107440979805052259711419763/series_004_2_CR/A2507537392 DXA/CR DXA/CR000001.dcm,hip_right,hip_right,0,0.1204834946200511,0,
119,0,3,2.25.16773626720107440979805052259711419763,2.25.16773626720107440979805052259711419763/series_004_2_CR/A2507537392 DXA/CR DXA/CR000004.dcm,hip_left,hip_left,0,0.138971188380569,0,
132,0,3,2.25.175881661753775295785039265792986971602,2.25.175881661753775295785039265792986971602/series_003_2_CR/A2507266462 DXA/CR DXA/CR000000.dcm,hip_right,hip_right,0,0.4618587849045083,1,Некорректная укладка
133,0,3,2.25.175881661753775295785039265792986971602,2.25.175881661753775295785039265792986971602/series_003_2_CR/A2507266462 DXA/CR DXA/CR000001.dcm,spine,spine,0,0.3811800520024584,0,
134,0,3,2.25.175881661753775295785039265792986971602,2.25.175881661753775295785039265792986971602/series_003_2_CR/A2507266462 DXA/CR DXA/CR000002.dcm,hip_left,hip_left,0,0.36682095989148183,0,
154,0,3,2.25.190331309633057244929837507901317950031,2.25.190331309633057244929837507901317950031/series_001_2_CR/A250791815 DXA/CR DXA/CR000000.dcm,hip_left,hip_left,0,0.4295036594643014,1,Некорректная укладка
155,0,3,2.25.190331309633057244929837507901317950031,2.25.190331309633057244929837507901317950031/series_001_2_CR/A250791815 DXA/CR DXA/CR000003.dcm,spine,spine,1,0.38111576625658744,0,
156,0,3,2.25.190331309633057244929837507901317950031,2.25.190331309633057244929837507901317950031/series_001_2_CR/A250791815 DXA/CR DXA/CR000004.dcm,hip_right,hip_right,1,0.7121413721647355,1,Некорректная укладка
159,0,3,2.25.215177279960644564778148238928738915103,2.25.215177279960644564778148238928738915103/series_002_2_CR/A2504147013 DXA/CR DXA/CR000000.dcm,hip_left,hip_left,1,0.1834645774312806,0,
160,0,3,2.25.215177279960644564778148238928738915103,2.25.215177279960644564778148238928738915103/series_002_2_CR/A2504147013 DXA/CR DXA/CR000001.dcm,spine,spine,0,0.5066467777030278,1,Не выровнена ось позвоночника
161,0,3,2.25.215177279960644564778148238928738915103,2.25.215177279960644564778148238928738915103/series_002_2_CR/A2504147013 DXA/CR DXA/CR000002.dcm,hip_right,hip_right,1,0.14285349497204666,0,
166,0,3,2.25.234651502352368356456298825489565282446,2.25.234651502352368356456298825489565282446/series_002_2_CR/A2504307193 DXA/CR DXA/CR000000.dcm,hip_right,hip_right,1,0.8115301651327744,1,Некорректная укладка
167,0,3,2.25.234651502352368356456298825489565282446,2.25.234651502352368356456298825489565282446/series_002_2_CR/A2504307193 DXA/CR DXA/CR000002.dcm,spine,spine,0,0.2633522997833874,0,
168,0,3,2.25.234651502352368356456298825489565282446,2.25.234651502352368356456298825489565282446/series_002_2_CR/A2504307193 DXA/CR DXA/CR000003.dcm,hip_left,hip_left,1,0.8880809727833507,1,Некорректная укладка;Некорректная область интереса
198,0,3,2.25.314147167453134440746270747484612743945,2.25.314147167453134440746270747484612743945/series_002_2_CR/A2504224780 DXA/CR DXA/CR000000.dcm,hip_right,hip_right,0,0.37594224494620837,1,Некорректная область интереса
199,0,3,2.25.314147167453134440746270747484612743945,2.25.314147167453134440746270747484612743945/series_002_2_CR/A2504224780 DXA/CR DXA/CR000001.dcm,hip_left,hip_left,0,0.2760628479245966,0,
200,0,3,2.25.314147167453134440746270747484612743945,2.25.314147167453134440746270747484612743945/series_002_2_CR/A2504224780 DXA/CR DXA/CR000002.dcm,spine,spine,0,0.10679307292495017,0,
202,0,3,2.25.338439598607961312040815816824093323492,2.25.338439598607961312040815816824093323492/series_002_2_CR/A2504147124 DXA/CR DXA/CR000000.dcm,spine,spine,1,0.6914207489912689,1,Не выровнена ось позвоночника;Присутствуют посторонние предметы
203,0,3,2.25.339027809107632348165171236474821772940,2.25.339027809107632348165171236474821772940/series_001_2_CR/A2504349642 DXA/CR DXA/CR000000.dcm,hip_right,hip_right,0,0.1611653363950705,0,
204,0,3,2.25.339027809107632348165171236474821772940,2.25.339027809107632348165171236474821772940/series_001_2_CR/A2504349642 DXA/CR DXA/CR000001.dcm,spine,spine,1,0.3216082127474173,0,
205,0,3,2.25.339027809107632348165171236474821772940,2.25.339027809107632348165171236474821772940/series_001_2_CR/A2504349642 DXA/CR DXA/CR000002.dcm,hip_left,hip_left,0,0.16533078111322067,0,
222,0,3,2.25.54396839637320114639948764487283877793,2.25.54396839637320114639948764487283877793/series_003_2_CR/A2504111090 DXA/CR DXA/CR000000.dcm,spine,spine,0,0.5388340082601757,1,Некорректная укладка
239,0,3,2.25.82912555346523716720160717883917565880,2.25.82912555346523716720160717883917565880/series_002_2_CR/A2504149480 DXA/CR DXA/CR000000.dcm,hip_left,hip_left,0,0.34770715115944206,0,
240,0,3,2.25.82912555346523716720160717883917565880,2.25.82912555346523716720160717883917565880/series_002_2_CR/A2504149480 DXA/CR DXA/CR000001.dcm,spine,spine,0,0.1706647855624606,0,
241,0,3,2.25.82912555346523716720160717883917565880,2.25.82912555346523716720160717883917565880/series_002_2_CR/A2504149480 DXA/CR DXA/CR000002.dcm,hip_right,hip_right,1,0.5824835618540175,1,Некорректная укладка
0,0,4,1.2.840.113619.2.110.512719.20250403090444,1.2.840.113619.2.110.512719.20250403090444/series_004_3_CR/DXA/CR DXA/CR000000.dcm,spine,spine,0,0.09340979420019906,0,
1,0,4,1.2.840.113619.2.110.512719.20250403090444,1.2.840.113619.2.110.512719.20250403090444/series_004_3_CR/DXA/CR DXA/CR000001.dcm,hip_right,hip_right,0,0.34235860530493173,1,Некорректная укладка
2,0,4,1.2.840.113619.2.110.512719.20250403090444,1.2.840.113619.2.110.512719.20250403090444/series_004_3_CR/DXA/CR DXA/CR000002.dcm,hip_left,hip_left,1,0.2181119882291753,0,
6,0,4,1.2.840.113619.2.110.512719.20250407113211,1.2.840.113619.2.110.512719.20250407113211/series_001_2_CR/DXA/CR DXA/CR000000.dcm,hip_left,hip_left,1,0.27370400313430704,0,
7,0,4,1.2.840.113619.2.110.512719.20250407113211,1.2.840.113619.2.110.512719.20250407113211/series_001_2_CR/DXA/CR DXA/CR000001.dcm,hip_right,hip_right,0,0.23703086137927235,0,
8,0,4,1.2.840.113619.2.110.512719.20250407113211,1.2.840.113619.2.110.512719.20250407113211/series_001_2_CR/DXA/CR DXA/CR000003.dcm,spine,spine,0,0.08218117451665817,0,
27,0,4,2.25.112621744005021908434051268014787122937,2.25.112621744005021908434051268014787122937/series_002_2_CR/A2504301685 DXA/CR DXA/CR000000.dcm,spine,spine,0,0.6561540898337812,1,Не выровнена ось позвоночника
31,0,4,2.25.116822802042655971810859435524105064465,2.25.116822802042655971810859435524105064465/series_003_2_CR/A2507273296 DXA/CR DXA/CR000000.dcm,hip_right,hip_right,0,0.24480304553041402,0,
32,0,4,2.25.116822802042655971810859435524105064465,2.25.116822802042655971810859435524105064465/series_003_2_CR/A2507273296 DXA/CR DXA/CR000001.dcm,hip_left,hip_left,0,0.4327262542833587,1,Некорректная укладка
33,0,4,2.25.116822802042655971810859435524105064465,2.25.116822802042655971810859435524105064465/series_003_2_CR/A2507273296 DXA/CR DXA/CR000002.dcm,spine,spine,0,0.2755163821738713,0,
42,0,4,2.25.126293418391331346694592071563510265596,2.25.126293418391331346694592071563510265596/series_002_3_CR/A2507250865 DXA/CR DXA/CR000000.dcm,hip_right,hip_right,0,0.19617466642661907,0,
43,0,4,2.25.126293418391331346694592071563510265596,2.25.126293418391331346694592071563510265596/series_002_3_CR/A2507250865 DXA/CR DXA/CR000001.dcm,spine,spine,0,0.36745178847547644,0,
44,0,4,2.25.126293418391331346694592071563510265596,2.25.126293418391331346694592071563510265596/series_002_3_CR/A2507250865 DXA/CR DXA/CR000002.dcm,hip_left,hip_left,1,0.8501618242619537,1,Некорректная укладка;Некорректная область интереса
45,0,4,2.25.127126130998341190348103034690069487890,2.25.127126130998341190348103034690069487890/series_002_2_CR/A250428736 DXA/CR DXA/CR000000.dcm,spine,spine,0,0.2727126327291781,0,
46,0,4,2.25.127126130998341190348103034690069487890,2.25.127126130998341190348103034690069487890/series_002_2_CR/A250428736 DXA/CR DXA/CR000001.dcm,hip_left,hip_left,1,0.6839214298741645,1,Некорректная укладка
47,0,4,2.25.127126130998341190348103034690069487890,2.25.127126130998341190348103034690069487890/series_002_2_CR/A250428736 DXA/CR DXA/CR000003.dcm,hip_right,hip_right,1,0.6811989031312722,1,Некорректная укладка
58,0,4,2.25.132083163398091874662674590622589534350,2.25.132083163398091874662674590622589534350/series_003_2_CR/A2507386583 DXA Exam/CR DXA Images/CR000000.dcm,hip_left,hip_left,0,0.7718516629119033,1,Некорректная укладка
59,0,4,2.25.132083163398091874662674590622589534350,2.25.132083163398091874662674590622589534350/series_003_2_CR/A2507386583 DXA Exam/CR DXA Images/CR000001.dcm,spine,spine,0,0.35755083590508224,0,
60,0,4,2.25.132083163398091874662674590622589534350,2.25.132083163398091874662674590622589534350/series_003_2_CR/A2507386583 DXA Exam/CR DXA Images/CR000002.dcm,hip_right,hip_right,0,0.6490324815026086,1,Некорректная укладка
67,0,4,2.25.134456506307367483341018281460841912845,2.25.134456506307367483341018281460841912845/series_002_2_CR/A2507120612 DXA/CR DXA/CR000000.dcm,hip_left,hip_left,0,0.3155368351840615,1,Некорректная укладка
68,0,4,2.25.134456506307367483341018281460841912845,2.25.134456506307367483341018281460841912845/series_002_2_CR/A2507120612 DXA/CR DXA/CR000001.dcm,spine,spine,0,0.32909234467853693,0,
69,0,4,2.25.134456506307367483341018281460841912845,2.25.134456506307367483341018281460841912845/series_002_2_CR/A2507120612 DXA/CR DXA/CR000002.dcm,hip_right,hip_right,0,0.06736141070060854,0,
80,0,4,2.25.144941557565802351596730914409170713112,2.25.144941557565802351596730914409170713112/series_001_2_CR/A250728979 DXA/CR DXA/CR000000.dcm,hip_left,hip_left,0,0.34603501762852157,1,Некорректная укладка
81,0,4,2.25.144941557565802351596730914409170713112,2.25.144941557565802351596730914409170713112/series_001_2_CR/A250728979 DXA/CR DXA/CR000002.dcm,hip_right,hip_right,1,0.5664250157997753,1,Некорректная укладка
82,0,4,2.25.144941557565802351596730914409170713112,2.25.144941557565802351596730914409170713112/series_001_2_CR/A250728979 DXA/CR DXA/CR000006.dcm,spine,spine,0,0.34940595184663586,0,
92,0,4,2.25.156375884487675936513403083218009333856,2.25.156375884487675936513403083218009333856/series_003_2_CR/A250727121 DXA/CR DXA/CR000000.dcm,hip_left,hip_left,0,0.12821690173784767,0,
93,0,4,2.25.156375884487675936513403083218009333856,2.25.156375884487675936513403083218009333856/series_003_2_CR/A250727121 DXA/CR DXA/CR000001.dcm,spine,spine,1,0.5664129877566412,1,Присутствуют посторонние предметы
94,0,4,2.25.156375884487675936513403083218009333856,2.25.156375884487675936513403083218009333856/series_003_2_CR/A250727121 DXA/CR DXA/CR000004.dcm,hip_right,hip_right,0,0.25782094921461485,0,
124,0,4,2.25.172445998420765569384934552191547932566,2.25.172445998420765569384934552191547932566/series_004_2_CR/A2507368766 DXA/CR DXA/CR000000.dcm,spine,spine,1,0.4740401498627089,1,Присутствуют посторонние предметы
125,0,4,2.25.172445998420765569384934552191547932566,2.25.172445998420765569384934552191547932566/series_004_2_CR/A2507368766 DXA/CR DXA/CR000001.dcm,hip_right,hip_right,0,0.20352990577478217,0,
126,0,4,2.25.172445998420765569384934552191547932566,2.25.172445998420765569384934552191547932566/series_004_2_CR/A2507368766 DXA/CR DXA/CR000002.dcm,hip_left,hip_left,0,0.15735877163434656,0,
138,0,4,2.25.17706555930735581384953296958427669848,2.25.17706555930735581384953296958427669848/series_004_3_CR/A2504146513 DXA/CR DXA/CR000000.dcm,hip_left,hip_left,0,0.45934497126596213,1,Некорректная укладка
139,0,4,2.25.17706555930735581384953296958427669848,2.25.17706555930735581384953296958427669848/series_004_3_CR/A2504146513 DXA/CR DXA/CR000001.dcm,spine,spine,1,0.6679937720378785,1,Не выровнена ось позвоночника
140,0,4,2.25.17706555930735581384953296958427669848,2.25.17706555930735581384953296958427669848/series_004_3_CR/A2504146513 DXA/CR DXA/CR000003.dcm,hip_right,hip_right,0,0.3470871049891285,1,Некорректная укладка
144,0,4,2.25.178533355209696795441380751187185128893,2.25.178533355209696795441380751187185128893/series_003_2_CR/A2507155452 DXA/CR DXA/CR000000.dcm,spine,spine,0,0.5544796699484703,1,Не выровнена ось позвоночника
151,0,4,2.25.186201010600484120326273381077449377115,2.25.186201010600484120326273381077449377115/series_004_2_CR/A250777475 DXA/CR DXA/CR000000.dcm,hip_left,hip_left,0,0.21397069486302214,0,
152,0,4,2.25.186201010600484120326273381077449377115,2.25.186201010600484120326273381077449377115/series_004_2_CR/A250777475 DXA/CR DXA/CR000002.dcm,hip_right,hip_right,0,0.22381930430175964,0,
153,0,4,2.25.186201010600484120326273381077449377115,2.25.186201010600484120326273381077449377115/series_004_2_CR/A250777475 DXA/CR DXA/CR000007.dcm,spine,spine,0,0.21350186152526843,0,
172,0,4,2.25.269648774413746842548908998641183395622,2.25.269648774413746842548908998641183395622/series_001_2_CR/A2504393664 DXA/CR DXA/CR000000.dcm,hip_right,hip_right,0,0.24468971008747112,0,
173,0,4,2.25.269648774413746842548908998641183395622,2.25.269648774413746842548908998641183395622/series_001_2_CR/A2504393664 DXA/CR DXA/CR000001.dcm,spine,spine,1,0.7397921331326116,1,Присутствуют посторонние предметы
174,0,4,2.25.269648774413746842548908998641183395622,2.25.269648774413746842548908998641183395622/series_001_2_CR/A2504393664 DXA/CR DXA/CR000002.dcm,hip_left,hip_left,0,0.5173403771790047,1,Некорректная укладка
175,0,4,2.25.269742577365511543488820993979123763373,2.25.269742577365511543488820993979123763373/series_003_2_CR/A250477751 DXA/CR DXA/CR000000.dcm,spine,spine,0,0.5932371992512164,1,Не выровнена ось позвоночника
209,0,4,2.25.37515662379281069436632838996073181551,2.25.37515662379281069436632838996073181551/series_001_2_CR/A2504329840 DXA/CR DXA/CR000000.dcm,spine,spine,1,0.6517052146203791,1,Не выровнена ось позвоночника
210,0,4,2.25.37515662379281069436632838996073181551,2.25.37515662379281069436632838996073181551/series_001_2_CR/A2504329840 DXA/CR DXA/CR000001.dcm,hip_left,hip_left,0,0.20990338036543318,0,
211,0,4,2.25.37515662379281069436632838996073181551,2.25.37515662379281069436632838996073181551/series_001_2_CR/A2504329840 DXA/CR DXA/CR000002.dcm,hip_right,hip_right,0,0.3823584758665884,1,Некорректная укладка
218,0,4,2.25.52532476139575422857225834315571570912,2.25.52532476139575422857225834315571570912/series_001_2_CR/A2504247961 DXA/CR DXA/CR000000.dcm,spine,spine,1,0.5108627542545136,1,Не выровнена ось позвоночника
233,0,4,2.25.76710355977373089612172037086913478687,2.25.76710355977373089612172037086913478687/series_002_3_CR/A2504104830 DXA/CR DXA/CR000000.dcm,hip_right,hip_right,0,0.43832371076381754,1,Некорректная укладка
234,0,4,2.25.76710355977373089612172037086913478687,2.25.76710355977373089612172037086913478687/series_002_3_CR/A2504104830 DXA/CR DXA/CR000001.dcm,spine,spine,0,0.3195312138494755,0,
235,0,4,2.25.76710355977373089612172037086913478687,2.25.76710355977373089612172037086913478687/series_002_3_CR/A2504104830 DXA/CR DXA/CR000002.dcm,hip_left,hip_left,0,0.15059479432410297,0,
243,0,4,2.25.87869906212286587478854831452123526595,2.25.87869906212286587478854831452123526595/series_002_2_CR/A250419699 DXA/CR DXA/CR000000.dcm,hip_left,hip_left,0,0.10738906198796905,0,
244,0,4,2.25.87869906212286587478854831452123526595,2.25.87869906212286587478854831452123526595/series_002_2_CR/A250419699 DXA/CR DXA/CR000001.dcm,spine,spine,1,0.6908769865792573,1,Присутствуют посторонние предметы
245,0,4,2.25.87869906212286587478854831452123526595,2.25.87869906212286587478854831452123526595/series_002_2_CR/A250419699 DXA/CR DXA/CR000002.dcm,hip_right,hip_right,0,0.4228890334010411,1,Некорректная укладка
