index,fold,study,target,biomedclip_image_lr_score,biomedclip_image_lr_pred,current_score,current_pred
1,2,1.2.840.113619.2.110.512719.20250403090444,0,0.22192543411451385,0,0.2575922423949631,0
2,2,1.2.840.113619.2.110.512719.20250403090444,1,0.5024891779493931,1,0.2643284825596545,0
3,0,1.2.840.113619.2.110.512719.20250403092052,0,0.36277003902235905,1,0.4593539785782039,1
5,0,1.2.840.113619.2.110.512719.20250403092052,0,0.351644149686713,1,0.5206604085155342,1
6,1,1.2.840.113619.2.110.512719.20250407113211,1,0.4885256629797995,1,0.30553113881672644,0
7,1,1.2.840.113619.2.110.512719.20250407113211,0,0.3135056773429718,1,0.1690006989331688,0
9,3,2.25.10245777060263212829333021434108890537,0,0.21942404066879018,0,0.5221156995228553,1
11,3,2.25.10245777060263212829333021434108890537,0,0.40331938643601917,0,0.3566067505640673,1
12,2,2.25.102755089973625799055786462646268820450,0,0.8542714183990195,1,0.27232171520500487,0
14,2,2.25.102755089973625799055786462646268820450,1,0.046901705743994306,0,0.29534661589791317,0
15,3,2.25.102965897799404973225419898683246248872,0,0.142436437890551,0,0.22596903039591554,0
17,3,2.25.102965897799404973225419898683246248872,0,0.06425274529717771,0,0.2625660597881281,0
18,4,2.25.103868781101960771917584077315578649178,0,0.2210974564848024,0,0.17959538107797635,0
19,4,2.25.103868781101960771917584077315578649178,0,0.06902706297899262,0,0.2471870580935748,0
22,4,2.25.105033841136787477881326326053319223817,0,0.5500964282740394,1,0.28774133025894005,0
23,4,2.25.105033841136787477881326326053319223817,0,0.29511986809263985,0,0.3466843115283908,1
26,4,2.25.11175860580562939441493697221497597640,0,0.20868828441197876,0,0.11577925357548476,0
28,0,2.25.114887542067602662452692698814728642117,1,0.8122321959487195,1,0.4728960664194388,1
29,0,2.25.114887542067602662452692698814728642117,1,0.1825767285201101,0,0.28025670806541253,0
31,1,2.25.116822802042655971810859435524105064465,0,0.09320795474429466,0,0.2303141248466879,0
32,1,2.25.116822802042655971810859435524105064465,0,0.23705007161844657,0,0.3823123772243517,0
34,2,2.25.122446767306607067205618235949445789306,1,0.45499463012762026,1,0.3879206543147548,0
35,2,2.25.122446767306607067205618235949445789306,1,0.3893623158999104,1,0.20527338899453706,0
39,3,2.25.124890633326693921702195356152595253940,0,0.09656692718049201,0,0.2281834615761172,0
40,3,2.25.124890633326693921702195356152595253940,0,0.04273668065168475,0,0.32577870450218854,0
42,1,2.25.126293418391331346694592071563510265596,0,0.08397987939515655,0,0.20668203692196396,0
44,1,2.25.126293418391331346694592071563510265596,1,0.9981516414375432,1,0.7750857637637112,1
46,0,2.25.127126130998341190348103034690069487890,1,0.15053630587502134,0,0.6577205238947229,1
47,0,2.25.127126130998341190348103034690069487890,1,0.5806912852299575,1,0.3181004593290926,1
51,2,2.25.128990540359421489042453547244535073735,1,0.4686072871686028,1,0.3616476726623144,0
53,2,2.25.128990540359421489042453547244535073735,1,0.7503228971030929,1,0.48934630220773845,1
54,3,2.25.129239680100193368599713239115902740628,1,0.9077023891366335,1,0.6420151809960754,1
55,4,2.25.13069823278093578548407087310307113784,0,0.2710740366178806,0,0.43013330828655527,1
57,4,2.25.13069823278093578548407087310307113784,0,0.7515062980239451,1,0.8157877456107157,1
58,1,2.25.132083163398091874662674590622589534350,0,0.779832812550514,1,0.7124165248660922,1
60,1,2.25.132083163398091874662674590622589534350,0,0.8853168749582104,1,0.6830018220838546,1
61,0,2.25.132272637351979990811754009849547633391,0,0.26713660981798965,0,0.3272535518699651,1
62,0,2.25.132272637351979990811754009849547633391,0,0.4157224185305722,1,0.19141859822214083,0
65,0,2.25.13325817932854000792938662637654885530,0,0.2943182646796914,1,0.2000923543928679,0
66,0,2.25.13325817932854000792938662637654885530,0,0.34966137446945295,1,0.32405743768767176,1
67,2,2.25.134456506307367483341018281460841912845,0,0.17973346011493202,0,0.32627407342438663,0
69,2,2.25.134456506307367483341018281460841912845,0,0.07126255534171108,0,0.10203518183602188,0
70,3,2.25.135241889065705954191821710363605596815,0,0.08758834177138074,0,0.3689295455030759,1
74,4,2.25.137344827330550141320158285144101816664,0,0.4279644680829124,0,0.18738337029298688,0
75,4,2.25.137344827330550141320158285144101816664,0,0.2895233887910115,0,0.27070285491790663,0
78,2,2.25.13983650679559142983913935144968795415,0,0.19137001895438172,0,0.14843482471198707,0
79,2,2.25.13983650679559142983913935144968795415,0,0.0800108058983081,0,0.20590647120417913,0
80,0,2.25.144941557565802351596730914409170713112,0,0.37365949151032896,1,0.23843915691064796,0
81,0,2.25.144941557565802351596730914409170713112,1,0.8052589390309214,1,0.38660875812652407,1
83,0,2.25.145848300160680194368420189079847088556,0,0.8120138886889233,1,0.27983570347614184,0
84,0,2.25.145848300160680194368420189079847088556,1,0.2237174004154803,0,0.5343386896622039,1
87,1,2.25.151186844055172005615813066162721550889,0,0.22982762940500376,0,0.3137623372189697,0
88,1,2.25.151186844055172005615813066162721550889,0,0.2631259458253197,1,0.5467023539731687,1
90,2,2.25.156021661584944120526934974594604520993,0,0.3091762385837635,1,0.21305618838847354,0
91,2,2.25.156021661584944120526934974594604520993,0,0.043369169037348616,0,0.08141798785770596,0
92,3,2.25.156375884487675936513403083218009333856,0,0.2010388059722753,0,0.3074060142861862,0
94,3,2.25.156375884487675936513403083218009333856,0,0.46611371877203295,0,0.4524146395503689,1
95,3,2.25.156389075510671877606923458507011517218,0,0.26277304032663834,0,0.3001578521331196,0
96,3,2.25.156389075510671877606923458507011517218,0,0.26157636146106766,0,0.2469901156813662,0
99,3,2.25.157462338378550185821790046400986801350,1,0.7461966698284225,1,0.3478892064891426,1
100,3,2.25.157462338378550185821790046400986801350,1,0.4538952898450568,0,0.3274223532005453,0
102,4,2.25.158646777318759504110695916200521633609,0,0.19904447697495106,0,0.09065557753754917,0
104,4,2.25.158646777318759504110695916200521633609,0,0.19022717607009276,0,0.08818461472709808,0
106,0,2.25.164566280810634620154538016595892212884,1,0.8428782991012673,1,0.6671226717928717,1
108,0,2.25.164566280810634620154538016595892212884,0,0.6656165195081821,1,0.3984359550923773,1
109,1,2.25.165091430504580219034019815337441064349,0,0.1743450663179041,0,0.25603545478098594,0
110,1,2.25.165091430504580219034019815337441064349,1,0.15422829641545316,0,0.1718881703059271,0
112,3,2.25.165355673991587715046346525964554729786,0,0.37161755764883236,0,0.370837820120258,1
114,2,2.25.167344201679287285499405412654740659745,0,0.23297841098343322,0,0.29272765105316884,0
115,2,2.25.167344201679287285499405412654740659745,0,0.45566450981482465,1,0.31134513254048873,0
118,4,2.25.16773626720107440979805052259711419763,0,0.07180595609827879,0,0.13353958356001128,0
119,4,2.25.16773626720107440979805052259711419763,0,0.23523726543768572,0,0.17093583106926294,0
120,4,2.25.168317503020329569414190677927680518621,0,0.28143012913716703,0,0.153407559837225,0
122,4,2.25.168317503020329569414190677927680518621,0,0.21705263910505385,0,0.1588595735716248,0
125,0,2.25.172445998420765569384934552191547932566,0,0.4474437562879944,1,0.26286984559658233,0
126,0,2.25.172445998420765569384934552191547932566,0,0.037420678126725754,0,0.18640387120709245,0
128,4,2.25.173731186748227489808861376513577450951,0,0.48652884803557545,1,0.5327828344363412,1
129,1,2.25.173753313169335820519632380691065649420,0,0.22958332802144144,0,0.4509242781501146,1
131,1,2.25.173753313169335820519632380691065649420,0,0.4714761185987249,1,0.4781642538569277,1
132,3,2.25.175881661753775295785039265792986971602,0,0.39650780503062344,0,0.28946682218123526,0
134,3,2.25.175881661753775295785039265792986971602,0,0.3764229358224652,0,0.28188363899876195,0
136,0,2.25.175903805423871105435148927871625232853,0,0.0701495840195964,0,0.05584453182794655,0
137,0,2.25.175903805423871105435148927871625232853,0,0.21087892154462132,0,0.1932725682083075,0
138,1,2.25.17706555930735581384953296958427669848,0,0.7022782723858003,1,0.46292004708312895,1
140,1,2.25.17706555930735581384953296958427669848,0,0.15166395237023117,0,0.38523438778047064,0
141,2,2.25.177745077805190810016231350557005569203,0,0.5655891959580427,1,0.8285235733772311,1
143,2,2.25.177745077805190810016231350557005569203,0,0.3168658696951917,1,0.6331713202472912,1
145,4,2.25.181196659018348153828200695057897449628,0,0.23980457418025394,0,0.1311381031156014,0
146,4,2.25.181196659018348153828200695057897449628,0,0.04182926611666895,0,0.14672948999737156,0
149,0,2.25.184198356665635336833172191504278054074,0,0.2459003965651302,0,0.16033773665995682,0
150,0,2.25.184198356665635336833172191504278054074,0,0.07259752411732989,0,0.18535002424915278,0
151,1,2.25.186201010600484120326273381077449377115,0,0.15845777766905494,0,0.20768443803317738,0
152,1,2.25.186201010600484120326273381077449377115,0,0.30659315076348576,1,0.17228297504247045,0
154,2,2.25.190331309633057244929837507901317950031,0,0.1605948170225599,0,0.31488797526132145,0
156,2,2.25.190331309633057244929837507901317950031,1,0.24655207283634634,0,0.5563944169545341,1
158,3,2.25.190807933410234695931591553323782771995,0,0.5091963228534067,0,0.21014252536035583,0
159,4,2.25.215177279960644564778148238928738915103,1,0.20508630101204625,0,0.1884009331875962,0
161,4,2.25.215177279960644564778148238928738915103,1,0.22128571636326008,0,0.19220552183442083,0
162,2,2.25.217397325224876728316360420804118329081,0,0.17883102919976485,0,0.21351850745858517,0
163,2,2.25.217397325224876728316360420804118329081,0,0.10207873434982519,0,0.23209671553567887,0
166,0,2.25.234651502352368356456298825489565282446,1,0.7618227497886662,1,0.7438522592446039,1
168,0,2.25.234651502352368356456298825489565282446,1,0.9412531419078414,1,0.7598564880031663,1
169,1,2.25.247714038039430659432048101646401574824,0,0.32990310256250915,1,0.27572896862469287,0
170,1,2.25.247714038039430659432048101646401574824,0,0.3570638592495095,1,0.38070166942709155,0
172,3,2.25.269648774413746842548908998641183395622,0,0.1561138157509644,0,0.33313826055808776,0
174,3,2.25.269648774413746842548908998641183395622,0,0.309845227851464,0,0.40625326647923815,1
176,4,2.25.272690031744216183651627058502316132741,0,0.11522265810771341,0,0.1223972623070954,0
178,4,2.25.272690031744216183651627058502316132741,1,0.38895208182572016,0,0.2750467373986245,0
180,2,2.25.276415754443998872860614500027519740375,0,0.25859150576058354,0,0.243802535976494,0
181,2,2.25.276415754443998872860614500027519740375,0,0.2593988310799992,0,0.15341746321943298,0
182,0,2.25.277752758923974029595977676354128739670,0,0.3972703888959885,1,0.14063818177619883,0
183,0,2.25.277752758923974029595977676354128739670,0,0.43650192132941285,1,0.1816757163459228,0
185,1,2.25.286999464611662854355201599068538813496,0,0.9494230770220637,1,0.14061452657509357,0
187,1,2.25.286999464611662854355201599068538813496,0,0.11076158003010192,0,0.09667940871596886,0
188,3,2.25.29638026465755240167985424461715024381,0,0.3254222280454756,0,0.32967350172997234,0
190,3,2.25.29638026465755240167985424461715024381,0,0.270097257389795,0,0.3626968254649417,1
193,3,2.25.307021710202910067378603383388989711646,0,0.4641450432403713,0,0.4613742954916873,1
194,3,2.25.307021710202910067378603383388989711646,0,0.31820481338229933,0,0.3878832649401233,1
196,4,2.25.309085571913348252136520206003694446566,0,0.12772495751616167,0,0.15231380926387905,0
197,4,2.25.309085571913348252136520206003694446566,0,0.47342908012188895,1,0.2344461492794906,0
198,4,2.25.314147167453134440746270747484612743945,0,0.5881510277964175,1,0.23530807286891223,0
199,4,2.25.314147167453134440746270747484612743945,0,0.3309762386915491,0,0.21307693588327703,0
203,2,2.25.339027809107632348165171236474821772940,0,0.3144474055935397,1,0.44307348999382845,0
205,2,2.25.339027809107632348165171236474821772940,0,0.16334319789016716,0,0.39116639251135205,0
206,0,2.25.340839477910528898406207279980417945,0,0.5593743449014839,1,0.26803263924256404,0
207,0,2.25.340839477910528898406207279980417945,0,0.3282562970444543,1,0.2509863741092997,0
210,1,2.25.37515662379281069436632838996073181551,0,0.7277328351440704,1,0.18113977371290202,0
211,1,2.25.37515662379281069436632838996073181551,0,0.7457782994809353,1,0.278148314702039,0
212,3,2.25.39068163399801173920284179500049527111,1,0.630334271098436,1,0.8459042575513086,1
213,3,2.25.39068163399801173920284179500049527111,1,0.3322356592932326,0,0.7000395396666598,1
215,4,2.25.48906424954135283790354958243772558962,1,0.21471990031636734,0,0.47390344871374684,1
216,4,2.25.48906424954135283790354958243772558962,1,0.503319931134363,1,0.33161844596204243,0
219,2,2.25.52982400970721161435951723390541696819,0,0.3816096628263789,1,0.2288697476483025,0
220,2,2.25.52982400970721161435951723390541696819,0,0.153577830410671,0,0.30300377247039106,0
224,2,2.25.65954778282254353457041255543338557112,0,0.2853151651491373,1,0.13564240550744547,0
225,2,2.25.65954778282254353457041255543338557112,0,0.2543288694857263,0,0.19688401373297504,0
227,0,2.25.66397484472966116002950503539482860450,1,0.9443779469215798,1,0.6661361369754122,1
228,0,2.25.66397484472966116002950503539482860450,1,0.8334432623388349,1,0.6749753528446787,1
230,0,2.25.73070100851377917031356937075051545239,1,0.5706104434504142,1,0.29839251283270846,0
231,0,2.25.73070100851377917031356937075051545239,1,0.4703078896987604,1,0.3715817177826182,1
233,1,2.25.76710355977373089612172037086913478687,0,0.8047204848400707,1,0.42699164219654234,1
235,1,2.25.76710355977373089612172037086913478687,0,0.4963956614186241,1,0.19432911400447117,0
236,3,2.25.78999454687125053757525542837745968726,1,0.22456749654393277,0,0.39043448678657366,1
237,3,2.25.78999454687125053757525542837745968726,1,0.5751137487416152,1,0.7017684320618877,1
239,2,2.25.82912555346523716720160717883917565880,0,0.4333306678928685,1,0.2374096856699972,0
241,2,2.25.82912555346523716720160717883917565880,1,0.7270836479449456,1,0.6131240559943728,1
243,4,2.25.87869906212286587478854831452123526595,0,0.2205705452062515,0,0.11838899660783403,0
245,4,2.25.87869906212286587478854831452123526595,0,0.43893840799534783,0,0.23411683294193952,0
246,1,2.25.91981043841368764114007975581101713077,0,0.04303485839450425,0,0.17264166015790164,0
247,1,2.25.91981043841368764114007975581101713077,0,0.15869022719124867,0,0.15381463587232677,0
