index,fold,study,target,vit_cls_lr_score,vit_cls_lr_pred,current_score,current_pred
1,2,1.2.840.113619.2.110.512719.20250403090444,0,0.1360107937032702,0,0.2575922423949628,0
2,2,1.2.840.113619.2.110.512719.20250403090444,1,0.18608708902209295,0,0.26432848255965424,0
3,0,1.2.840.113619.2.110.512719.20250403092052,0,0.5988039995710921,1,0.45935397857820365,1
5,0,1.2.840.113619.2.110.512719.20250403092052,0,0.6688314457273813,1,0.5206604085155346,1
6,1,1.2.840.113619.2.110.512719.20250407113211,1,0.09072983257711516,1,0.3055311388167264,0
7,1,1.2.840.113619.2.110.512719.20250407113211,0,0.15695239271696115,1,0.16900069893316874,0
9,3,2.25.10245777060263212829333021434108890537,0,0.4867918390071716,1,0.5221156995228464,1
11,3,2.25.10245777060263212829333021434108890537,0,0.19955102916432513,1,0.3566067505640637,1
12,2,2.25.102755089973625799055786462646268820450,0,0.13215896494824975,0,0.27232171520499965,0
14,2,2.25.102755089973625799055786462646268820450,1,0.24525477081993227,0,0.29534661589791106,0
15,3,2.25.102965897799404973225419898683246248872,0,0.433442083864786,1,0.22596903039591124,0
17,3,2.25.102965897799404973225419898683246248872,0,0.2301218161370553,1,0.26256605978812425,0
18,4,2.25.103868781101960771917584077315578649178,0,0.30253621998522257,0,0.17959538107797632,0
19,4,2.25.103868781101960771917584077315578649178,0,0.2393125528826398,0,0.2471870580935748,0
22,4,2.25.105033841136787477881326326053319223817,0,0.30920872072655736,0,0.28774133025894,0
23,4,2.25.105033841136787477881326326053319223817,0,0.1840112099528558,0,0.3466843115283908,1
26,4,2.25.11175860580562939441493697221497597640,0,0.14737216121120916,0,0.11577925357548476,0
28,0,2.25.114887542067602662452692698814728642117,1,0.6255866928621912,1,0.4728960664194389,1
29,0,2.25.114887542067602662452692698814728642117,1,0.3208399307370342,0,0.2802567080654126,0
31,1,2.25.116822802042655971810859435524105064465,0,0.13243302936720755,1,0.23031412484668787,0
32,1,2.25.116822802042655971810859435524105064465,0,0.11354521816943478,1,0.38231237722435174,0
34,2,2.25.122446767306607067205618235949445789306,1,0.0823920982965985,0,0.38792065431475375,0
35,2,2.25.122446767306607067205618235949445789306,1,0.08325179664737006,0,0.20527338899453804,0
39,3,2.25.124890633326693921702195356152595253940,0,0.2385501232416293,1,0.22818346157610972,0
40,3,2.25.124890633326693921702195356152595253940,0,0.888699277628904,1,0.3257787045021882,0
42,1,2.25.126293418391331346694592071563510265596,0,0.020183244638212017,0,0.20668203692196405,0
44,1,2.25.126293418391331346694592071563510265596,1,0.9736776244633877,1,0.7750857637637111,1
46,0,2.25.127126130998341190348103034690069487890,1,0.4164163872801996,0,0.6577205238947228,1
47,0,2.25.127126130998341190348103034690069487890,1,0.7829007596290565,1,0.31810045932909053,1
51,2,2.25.128990540359421489042453547244535073735,1,0.7579225519882811,1,0.3616476726623176,0
53,2,2.25.128990540359421489042453547244535073735,1,0.7109093166263466,1,0.48934630220774517,1
54,3,2.25.129239680100193368599713239115902740628,1,0.8412022707884401,1,0.6420151809960787,1
55,4,2.25.13069823278093578548407087310307113784,0,0.9510581160216652,1,0.4301333082865555,1
57,4,2.25.13069823278093578548407087310307113784,0,0.9819086280137289,1,0.8157877456107157,1
58,1,2.25.132083163398091874662674590622589534350,0,0.6886362289800211,1,0.7124165248660921,1
60,1,2.25.132083163398091874662674590622589534350,0,0.8970508761939754,1,0.6830018220838546,1
61,0,2.25.132272637351979990811754009849547633391,0,0.290345139043639,0,0.32725355186996524,1
62,0,2.25.132272637351979990811754009849547633391,0,0.07191226689444401,0,0.19141859822214116,0
65,0,2.25.13325817932854000792938662637654885530,0,0.22378450880610712,0,0.20009235439286766,0
66,0,2.25.13325817932854000792938662637654885530,0,0.2475843403165539,0,0.32405743768767153,1
67,2,2.25.134456506307367483341018281460841912845,0,0.6400440399232232,1,0.32627407342438963,0
69,2,2.25.134456506307367483341018281460841912845,0,0.03266624962671697,0,0.1020351818360221,0
70,3,2.25.135241889065705954191821710363605596815,0,0.1276952540885381,0,0.36892954550308477,1
74,4,2.25.137344827330550141320158285144101816664,0,0.11524166743875644,0,0.18738337029298688,0
75,4,2.25.137344827330550141320158285144101816664,0,0.23326172426093994,0,0.2707028549179065,0
78,2,2.25.13983650679559142983913935144968795415,0,0.32556248905615703,0,0.14843482471198666,0
79,2,2.25.13983650679559142983913935144968795415,0,0.1199014923187142,0,0.20590647120417893,0
80,0,2.25.144941557565802351596730914409170713112,0,0.20245357932068825,0,0.2384391569106463,0
81,0,2.25.144941557565802351596730914409170713112,1,0.17016595212005936,0,0.3866087581265232,1
83,0,2.25.145848300160680194368420189079847088556,0,0.24338975462968884,0,0.2798357034761421,0
84,0,2.25.145848300160680194368420189079847088556,1,0.23425135328779792,0,0.5343386896622035,1
87,1,2.25.151186844055172005615813066162721550889,0,0.13675290775289559,1,0.3137623372189697,0
88,1,2.25.151186844055172005615813066162721550889,0,0.5819684347840972,1,0.5467023539731685,1
90,2,2.25.156021661584944120526934974594604520993,0,0.34188062507580214,0,0.2130561883884732,0
91,2,2.25.156021661584944120526934974594604520993,0,0.05146306862573607,0,0.081417987857706,0
92,3,2.25.156375884487675936513403083218009333856,0,0.29359780254554524,1,0.30740601428618347,0
94,3,2.25.156375884487675936513403083218009333856,0,0.19785281769629476,1,0.4524146395503637,1
95,3,2.25.156389075510671877606923458507011517218,0,0.3665935920830173,1,0.3001578521331148,0
96,3,2.25.156389075510671877606923458507011517218,0,0.40857229489419,1,0.24699011568137072,0
99,3,2.25.157462338378550185821790046400986801350,1,0.5714610263903651,1,0.3478892064891341,1
100,3,2.25.157462338378550185821790046400986801350,1,0.3375573629987633,1,0.3274223532005372,0
102,4,2.25.158646777318759504110695916200521633609,0,0.1633017766527336,0,0.09065557753754916,0
104,4,2.25.158646777318759504110695916200521633609,0,0.14049332689418112,0,0.08818461472709808,0
106,0,2.25.164566280810634620154538016595892212884,1,0.9228895611583596,1,0.6671226717928717,1
108,0,2.25.164566280810634620154538016595892212884,0,0.7235102853196886,1,0.39843595509237667,1
109,1,2.25.165091430504580219034019815337441064349,0,0.7402143204991065,1,0.25603545478098605,0
110,1,2.25.165091430504580219034019815337441064349,1,0.26013503302820273,1,0.17188817030592718,0
112,3,2.25.165355673991587715046346525964554729786,0,0.4812640392191283,1,0.370837820120246,1
114,2,2.25.167344201679287285499405412654740659745,0,0.2892981208766502,0,0.2927276510531673,0
115,2,2.25.167344201679287285499405412654740659745,0,0.13739430464244426,0,0.3113451325404852,0
118,4,2.25.16773626720107440979805052259711419763,0,0.11899609611531568,0,0.13353958356001125,0
119,4,2.25.16773626720107440979805052259711419763,0,0.20179385148227993,0,0.17093583106926294,0
120,4,2.25.168317503020329569414190677927680518621,0,0.05281895003415944,0,0.15340755983722498,0
122,4,2.25.168317503020329569414190677927680518621,0,0.23575703217404173,0,0.15885957357162472,0
125,0,2.25.172445998420765569384934552191547932566,0,0.059655235412272266,0,0.2628698455965828,0
126,0,2.25.172445998420765569384934552191547932566,0,0.1652355745243879,0,0.1864038712070926,0
128,4,2.25.173731186748227489808861376513577450951,0,0.48591828288920613,1,0.5327828344363411,1
129,1,2.25.173753313169335820519632380691065649420,0,0.8033658013270375,1,0.45092427815011454,1
131,1,2.25.173753313169335820519632380691065649420,0,0.489048000157392,1,0.47816425385692757,1
132,3,2.25.175881661753775295785039265792986971602,0,0.18838029733430903,1,0.2894668221812306,0
134,3,2.25.175881661753775295785039265792986971602,0,0.20021120073393764,1,0.2818836389987524,0
136,0,2.25.175903805423871105435148927871625232853,0,0.1541286601997936,0,0.05584453182794661,0
137,0,2.25.175903805423871105435148927871625232853,0,0.29123771028867884,0,0.19327256820830752,0
138,1,2.25.17706555930735581384953296958427669848,0,0.2690088448652271,1,0.4629200470831289,1
140,1,2.25.17706555930735581384953296958427669848,0,0.7124843545829213,1,0.3852343877804705,0
141,2,2.25.177745077805190810016231350557005569203,0,0.14956085720653417,0,0.8285235733772289,1
143,2,2.25.177745077805190810016231350557005569203,0,0.6721086328314194,1,0.6331713202472914,1
145,4,2.25.181196659018348153828200695057897449628,0,0.15953282242022998,0,0.13113810311560134,0
146,4,2.25.181196659018348153828200695057897449628,0,0.19939844800378442,0,0.14672948999737156,0
149,0,2.25.184198356665635336833172191504278054074,0,0.12224153042331512,0,0.16033773665995693,0
150,0,2.25.184198356665635336833172191504278054074,0,0.26373602339260954,0,0.185350024249153,0
151,1,2.25.186201010600484120326273381077449377115,0,0.302285408595079,1,0.20768443803317738,0
152,1,2.25.186201010600484120326273381077449377115,0,0.11051928798994183,1,0.1722829750424704,0
154,2,2.25.190331309633057244929837507901317950031,0,0.648977649823185,1,0.31488797526131895,0
156,2,2.25.190331309633057244929837507901317950031,1,0.3545150339963111,0,0.5563944169545317,1
158,3,2.25.190807933410234695931591553323782771995,0,0.1452892730853442,0,0.2101425253603579,0
159,4,2.25.215177279960644564778148238928738915103,1,0.6892208465372525,1,0.18840093318759613,0
161,4,2.25.215177279960644564778148238928738915103,1,0.3747421632204623,1,0.19220552183442075,0
162,2,2.25.217397325224876728316360420804118329081,0,0.08784523536363581,0,0.21351850745858314,0
163,2,2.25.217397325224876728316360420804118329081,0,0.18950875068043335,0,0.23209671553567246,0
166,0,2.25.234651502352368356456298825489565282446,1,0.11454501663094135,0,0.7438522592446027,1
168,0,2.25.234651502352368356456298825489565282446,1,0.15560231598152166,0,0.7598564880031647,1
169,1,2.25.247714038039430659432048101646401574824,0,0.43203836599556417,1,0.275728968624693,0
170,1,2.25.247714038039430659432048101646401574824,0,0.6050477742758841,1,0.3807016694270915,0
172,3,2.25.269648774413746842548908998641183395622,0,0.06627594320793759,0,0.3331382605580748,0
174,3,2.25.269648774413746842548908998641183395622,0,0.2219797810664383,1,0.40625326647922716,1
176,4,2.25.272690031744216183651627058502316132741,0,0.5867790421275624,1,0.12239726230709531,0
178,4,2.25.272690031744216183651627058502316132741,1,0.7539349534429438,1,0.27504673739862434,0
180,2,2.25.276415754443998872860614500027519740375,0,0.09680090068692947,0,0.24380253597649382,0
181,2,2.25.276415754443998872860614500027519740375,0,0.08872468346546367,0,0.1534174632194307,0
182,0,2.25.277752758923974029595977676354128739670,0,0.12348945479470254,0,0.1406381817761989,0
183,0,2.25.277752758923974029595977676354128739670,0,0.08078258912057029,0,0.18167571634592294,0
185,1,2.25.286999464611662854355201599068538813496,0,0.1677762676207487,1,0.14061452657509355,0
187,1,2.25.286999464611662854355201599068538813496,0,0.05403817583390801,0,0.09667940871596888,0
188,3,2.25.29638026465755240167985424461715024381,0,0.20053857326358793,1,0.3296735017299669,0
190,3,2.25.29638026465755240167985424461715024381,0,0.03326039570505702,0,0.36269682546493814,1
193,3,2.25.307021710202910067378603383388989711646,0,0.6219635416325426,1,0.4613742954916613,1
194,3,2.25.307021710202910067378603383388989711646,0,0.34141509864678576,1,0.3878832649401054,1
196,4,2.25.309085571913348252136520206003694446566,0,0.17789164560399184,0,0.15231380926387908,0
197,4,2.25.309085571913348252136520206003694446566,0,0.19870640036551185,0,0.23444614927949067,0
198,4,2.25.314147167453134440746270747484612743945,0,0.5476899015380159,1,0.23530807286891223,0
199,4,2.25.314147167453134440746270747484612743945,0,0.4466783536752239,1,0.21307693588327706,0
203,2,2.25.339027809107632348165171236474821772940,0,0.39193092403547747,0,0.44307348999382157,0
205,2,2.25.339027809107632348165171236474821772940,0,0.13256651634065614,0,0.3911663925113451,0
206,0,2.25.340839477910528898406207279980417945,0,0.5226330258561513,1,0.2680326392425635,0
207,0,2.25.340839477910528898406207279980417945,0,0.6392903038357617,1,0.2509863741092994,0
210,1,2.25.37515662379281069436632838996073181551,0,0.12183280193246195,1,0.18113977371290205,0
211,1,2.25.37515662379281069436632838996073181551,0,0.19010477834795986,1,0.2781483147020389,0
212,3,2.25.39068163399801173920284179500049527111,1,0.3592422592734829,1,0.8459042575512997,1
213,3,2.25.39068163399801173920284179500049527111,1,0.5363464339718925,1,0.7000395396666409,1
215,4,2.25.48906424954135283790354958243772558962,1,0.16703095635546716,0,0.47390344871374684,1
216,4,2.25.48906424954135283790354958243772558962,1,0.05504737927476592,0,0.3316184459620426,0
219,2,2.25.52982400970721161435951723390541696819,0,0.19121825642764895,0,0.22886974764830204,0
220,2,2.25.52982400970721161435951723390541696819,0,0.1805242802664062,0,0.3030037724703892,0
224,2,2.25.65954778282254353457041255543338557112,0,0.15170863139158713,0,0.1356424055074443,0
225,2,2.25.65954778282254353457041255543338557112,0,0.05768313770848565,0,0.19688401373297368,0
227,0,2.25.66397484472966116002950503539482860450,1,0.8913458884023219,1,0.6661361369754105,1
228,0,2.25.66397484472966116002950503539482860450,1,0.8182978151594656,1,0.6749753528446782,1
230,0,2.25.73070100851377917031356937075051545239,1,0.25304623708125157,0,0.2983925128327086,0
231,0,2.25.73070100851377917031356937075051545239,1,0.17894678425085844,0,0.37158171778261845,1
233,1,2.25.76710355977373089612172037086913478687,0,0.17390131195140507,1,0.4269916421965423,1
235,1,2.25.76710355977373089612172037086913478687,0,0.06873852320661106,0,0.19432911400447117,0
236,3,2.25.78999454687125053757525542837745968726,1,0.26536884908431935,1,0.3904344867865553,1
237,3,2.25.78999454687125053757525542837745968726,1,0.21239223813728014,1,0.7017684320618677,1
239,2,2.25.82912555346523716720160717883917565880,0,0.5446730712285947,1,0.23740968567000006,0
241,2,2.25.82912555346523716720160717883917565880,1,0.19638675790565951,0,0.6131240559943771,1
243,4,2.25.87869906212286587478854831452123526595,0,0.20249306071790898,0,0.11838899660783402,0
245,4,2.25.87869906212286587478854831452123526595,0,0.3692526931956597,1,0.23411683294193952,0
246,1,2.25.91981043841368764114007975581101713077,0,0.050977856128665636,0,0.17264166015790164,0
247,1,2.25.91981043841368764114007975581101713077,0,0.10497875562578943,1,0.15381463587232683,0
