index,fold,study_sha256,target,tabpfn_score,tabpfn_pred,baseline_score,baseline_pred
1,2,9afbcb2c963c94e6d2c5c582c7963900dfd0260f7a02089d18615ab0b15321bb,0,0.22901809215545654,0,0.2575922423949628,0
2,2,9afbcb2c963c94e6d2c5c582c7963900dfd0260f7a02089d18615ab0b15321bb,1,0.15354087948799133,0,0.2643284825596542,0
3,0,fd77dfa77bd6b84663f59595febc4f10d23f4c5212399052a6e3efb78660615c,0,0.6507339477539062,1,0.4593539785782036,1
5,0,fd77dfa77bd6b84663f59595febc4f10d23f4c5212399052a6e3efb78660615c,0,0.3892005383968353,1,0.5206604085155346,1
6,1,8b6e2df6eb80c3e39a9fad0feab3e8f901d7bf7d06b53f64ce56d77149743843,1,0.25471028685569763,0,0.3055311388167264,0
7,1,8b6e2df6eb80c3e39a9fad0feab3e8f901d7bf7d06b53f64ce56d77149743843,0,0.07776615768671036,0,0.1690006989331687,0
9,3,ba6272bf9b4e0110a735c3f974fbda9bcca0b2b174ece72c722c93aa4611a760,0,0.26261407136917114,1,0.5221156995228464,1
11,3,ba6272bf9b4e0110a735c3f974fbda9bcca0b2b174ece72c722c93aa4611a760,0,0.1170022040605545,0,0.3566067505640637,1
12,2,4f73bf57d358250eb15f5d3d56ac442ed763dd04ac0a049516c63e147fa8385b,0,0.09081241488456726,0,0.2723217152049996,0
14,2,4f73bf57d358250eb15f5d3d56ac442ed763dd04ac0a049516c63e147fa8385b,1,0.14977988600730896,0,0.295346615897911,0
15,3,e3a18c7e001502ab274b9de5b6bb43aedfd9e4726713f3c482c5d11d9af8c277,0,0.3017256557941437,1,0.2259690303959112,0
17,3,e3a18c7e001502ab274b9de5b6bb43aedfd9e4726713f3c482c5d11d9af8c277,0,0.07461050152778625,0,0.2625660597881242,0
18,4,2f5c7b5a3efe36dd0df0b4229b942e36d4a1a7744ce757992ec7aaf5f4f49c32,0,0.06462802737951279,0,0.1795953810779763,0
19,4,2f5c7b5a3efe36dd0df0b4229b942e36d4a1a7744ce757992ec7aaf5f4f49c32,0,0.15791699290275574,0,0.2471870580935748,0
22,4,4a86ffb2940e1f469387b5aec13d8524a0014001c3bde8791e3696f9836648b0,0,0.17613372206687927,0,0.28774133025894,0
23,4,4a86ffb2940e1f469387b5aec13d8524a0014001c3bde8791e3696f9836648b0,0,0.1520323008298874,0,0.3466843115283908,1
26,4,90fcf932624c2910b811d108917b3d3947dfe90357e0127835d8682c8de7a1f7,0,0.13707421720027924,0,0.1157792535754847,0
28,0,308fdcdb5faa8ab8caa1ab07e4235f3d91d970845bb16558b14eea01c390b560,1,0.6850237250328064,1,0.4728960664194389,1
29,0,308fdcdb5faa8ab8caa1ab07e4235f3d91d970845bb16558b14eea01c390b560,1,0.13140769302845,0,0.2802567080654126,0
31,1,0d8048e81c3b7566ec639f659856590f7efcac8de74fb9c68b5f6a24673433da,0,0.12460272759199142,0,0.2303141248466878,0
32,1,0d8048e81c3b7566ec639f659856590f7efcac8de74fb9c68b5f6a24673433da,0,0.2095673680305481,0,0.3823123772243517,0
34,2,38f202d102c0462b8f8ad9259789bca4c40cd39912ffd64d86bae1cb4c7787da,1,0.25798362493515015,1,0.3879206543147537,0
35,2,38f202d102c0462b8f8ad9259789bca4c40cd39912ffd64d86bae1cb4c7787da,1,0.1661728024482727,0,0.205273388994538,0
39,3,0fa80792ce4decb833f6087ee230ad9cb50dc687b8b2c04fcdce740df35f5d3b,0,0.15358804166316986,0,0.2281834615761097,0
40,3,0fa80792ce4decb833f6087ee230ad9cb50dc687b8b2c04fcdce740df35f5d3b,0,0.11120255291461945,0,0.3257787045021882,0
42,1,1e55b3d82980229a847b903420d2ba23bd0d0dc6e415f948765561d0fc02c390,0,0.10580937564373016,0,0.206682036921964,0
44,1,1e55b3d82980229a847b903420d2ba23bd0d0dc6e415f948765561d0fc02c390,1,0.6193112134933472,1,0.7750857637637111,1
46,0,248478ce7398e7df3a978ebffa15bb3b81bb4de126340d199d39f3b4a6dbc015,1,0.3658299744129181,1,0.6577205238947228,1
47,0,248478ce7398e7df3a978ebffa15bb3b81bb4de126340d199d39f3b4a6dbc015,1,0.17537245154380798,0,0.3181004593290905,1
51,2,11ba53bb72f7cc76eae5e8260fd501090d86071514ff5c1f1afd56febd4cc1d4,1,0.25705087184906006,1,0.3616476726623176,0
53,2,11ba53bb72f7cc76eae5e8260fd501090d86071514ff5c1f1afd56febd4cc1d4,1,0.4564964771270752,1,0.4893463022077451,1
54,3,997ea6a37f435d0af83de163153168ac14529471a246fbb248e580fb2cee3a74,1,0.6213352680206299,1,0.6420151809960787,1
55,4,e328583e66f0a8a0e0beed77c046a2ec14db2314a10c79598e0ef44e6f791c2c,0,0.09091648459434509,0,0.4301333082865555,1
57,4,e328583e66f0a8a0e0beed77c046a2ec14db2314a10c79598e0ef44e6f791c2c,0,0.7487214803695679,1,0.8157877456107157,1
58,1,3f12fda031842f8ed3ecd5509f94031ca7bdb8d7e2933a3b484b681e42f4b2da,0,0.4559256434440613,1,0.7124165248660921,1
60,1,3f12fda031842f8ed3ecd5509f94031ca7bdb8d7e2933a3b484b681e42f4b2da,0,0.2698582410812378,0,0.6830018220838546,1
61,0,e03b2e27def8a14136e0448135c7810f4f4cfe483de7783151c2191c73f735d5,0,0.13785722851753235,0,0.3272535518699652,1
62,0,e03b2e27def8a14136e0448135c7810f4f4cfe483de7783151c2191c73f735d5,0,0.14211630821228027,0,0.1914185982221411,0
65,0,7d62a30770a6eecc6dbbb971ed22ce5afe92bb71be9411db89b004a73f341899,0,0.03546003997325897,0,0.2000923543928676,0
66,0,7d62a30770a6eecc6dbbb971ed22ce5afe92bb71be9411db89b004a73f341899,0,0.21054229140281677,1,0.3240574376876715,1
67,2,ccf5f4e8bb41515f2341c5f734f3a1dc06d66e21f9436e79b86d6e0595563051,0,0.30821168422698975,1,0.3262740734243896,0
69,2,ccf5f4e8bb41515f2341c5f734f3a1dc06d66e21f9436e79b86d6e0595563051,0,0.06451538950204849,0,0.1020351818360221,0
70,3,f42703b25adc4a126991e9a9b58b38d9ce9b737b7f1b24909fbfb7525c2cf3f7,0,0.21885299682617188,1,0.3689295455030847,1
74,4,5d1a3357b63dc722f1c45b85f6de30f4b0cbf491f76ea2bb4deaa2aa64f6bf98,0,0.07594301551580429,0,0.1873833702929868,0
75,4,5d1a3357b63dc722f1c45b85f6de30f4b0cbf491f76ea2bb4deaa2aa64f6bf98,0,0.1512978971004486,0,0.2707028549179065,0
78,2,fceabbaa6cdf165b549be30d61cb95e5103514d2d3ef1a83e9ac0460913f2b36,0,0.10150665044784546,0,0.1484348247119866,0
79,2,fceabbaa6cdf165b549be30d61cb95e5103514d2d3ef1a83e9ac0460913f2b36,0,0.12961062788963318,0,0.2059064712041789,0
80,0,48033c5826d9000554904d72c84469475eb4948ec799407aa18251fc969715df,0,0.017169777303934097,0,0.2384391569106463,0
81,0,48033c5826d9000554904d72c84469475eb4948ec799407aa18251fc969715df,1,0.05868970602750778,0,0.3866087581265232,1
83,0,23b26c237fa97c4bb45e9f8348bfdeda93adaffdfdb0902e7601254a35f164ca,0,0.258200466632843,1,0.2798357034761421,0
84,0,23b26c237fa97c4bb45e9f8348bfdeda93adaffdfdb0902e7601254a35f164ca,1,0.4938737154006958,1,0.5343386896622035,1
87,1,a19c8d3082aad3bd7438125d03e2bbd2bcdbe3c15a1a19a6150ab23504eb3072,0,0.10982827842235565,0,0.3137623372189697,0
88,1,a19c8d3082aad3bd7438125d03e2bbd2bcdbe3c15a1a19a6150ab23504eb3072,0,0.5861744284629822,1,0.5467023539731685,1
90,2,ecd1778ee29c4684f41af424b8b581b6ff5d84bfd465b7f184bf1f80df810b9b,0,0.24217116832733154,0,0.2130561883884732,0
91,2,ecd1778ee29c4684f41af424b8b581b6ff5d84bfd465b7f184bf1f80df810b9b,0,0.09585423022508621,0,0.081417987857706,0
92,3,2687e6d41a12b8788d8629d9a376ffa0702640830b50f522f9973fd7795c502c,0,0.278825044631958,1,0.3074060142861834,0
94,3,2687e6d41a12b8788d8629d9a376ffa0702640830b50f522f9973fd7795c502c,0,0.10030071437358856,0,0.4524146395503637,1
95,3,ee8b620494cd776058f7db982ac4bae4edf6311fb2a25275d672379b04ca5f83,0,0.08903664350509644,0,0.3001578521331148,0
96,3,ee8b620494cd776058f7db982ac4bae4edf6311fb2a25275d672379b04ca5f83,0,0.09582594037055969,0,0.2469901156813707,0
99,3,1ec1ba90e244decb114142bc0191926af84c7e9a9f801fedc6abf12983cf975a,1,0.09624981880187988,0,0.3478892064891341,1
100,3,1ec1ba90e244decb114142bc0191926af84c7e9a9f801fedc6abf12983cf975a,1,0.1368706375360489,0,0.3274223532005372,0
102,4,88575d407b8e7c4cf91159cddb1b4e297cf52b75fc0a88ef47166eb88a028408,0,0.11338186264038086,0,0.0906555775375491,0
104,4,88575d407b8e7c4cf91159cddb1b4e297cf52b75fc0a88ef47166eb88a028408,0,0.11325584352016449,0,0.088184614727098,0
106,0,c6b76cbed1feb4585d721d090352f00545779c8cf79fc6eb8fcf69225604309d,1,0.45634061098098755,1,0.6671226717928717,1
108,0,c6b76cbed1feb4585d721d090352f00545779c8cf79fc6eb8fcf69225604309d,0,0.018004558980464935,0,0.3984359550923766,1
109,1,07a8cb943f13ac170e395729c740a2e737def102b661443e3f0faa471b19ccd9,0,0.06447261571884155,0,0.256035454780986,0
110,1,07a8cb943f13ac170e395729c740a2e737def102b661443e3f0faa471b19ccd9,1,0.07837225496768951,0,0.1718881703059271,0
112,3,6016c41d5a22841408f8e4a9310b8c2336abe34604d4efe80986ebd14b98c5aa,0,0.4204446077346802,1,0.370837820120246,1
114,2,eeeff4fef6fdb3a2039522edc768b2dc4ee510169d4b889c2d4d493148173501,0,0.21695485711097717,0,0.2927276510531673,0
115,2,eeeff4fef6fdb3a2039522edc768b2dc4ee510169d4b889c2d4d493148173501,0,0.15577618777751923,0,0.3113451325404852,0
118,4,562bea8be87ed809daa953b1dc907f63022c50e5d3904d124b3defdd87e5ee47,0,0.141722172498703,0,0.1335395835600112,0
119,4,562bea8be87ed809daa953b1dc907f63022c50e5d3904d124b3defdd87e5ee47,0,0.14322707056999207,0,0.1709358310692629,0
120,4,516c66a91c8acda0a7432df89da77d9c53b1dfc67e086ce0d6a5f4574bcdf653,0,0.06679143011569977,0,0.1534075598372249,0
122,4,516c66a91c8acda0a7432df89da77d9c53b1dfc67e086ce0d6a5f4574bcdf653,0,0.07189136743545532,0,0.1588595735716247,0
125,0,957bd37e8aa946def57d3c6863f3d282f74018d4e22e6aa948cb52ad187f6d5b,0,0.15731200575828552,0,0.2628698455965828,0
126,0,957bd37e8aa946def57d3c6863f3d282f74018d4e22e6aa948cb52ad187f6d5b,0,0.1969175934791565,0,0.1864038712070926,0
128,4,c6f054182a37a7d477b379e2a4f1b35a2af17e2ca5e92882b0a7c6373dc3ef75,0,0.30894002318382263,0,0.5327828344363411,1
129,1,ad8f1ab4c8fe901c2cb77894c72ce2f2e3fbb717f43a660801a9ed8969cee77b,0,0.1965416520833969,0,0.4509242781501145,1
131,1,ad8f1ab4c8fe901c2cb77894c72ce2f2e3fbb717f43a660801a9ed8969cee77b,0,0.22919346392154694,0,0.4781642538569275,1
132,3,a0cb87d9a00457adebec1da9027f3125537c15ef5e9690f93652464ca60a98c2,0,0.37822508811950684,1,0.2894668221812306,0
134,3,a0cb87d9a00457adebec1da9027f3125537c15ef5e9690f93652464ca60a98c2,0,0.1716485321521759,0,0.2818836389987524,0
136,0,b10cb187ad20818ae30d4313af3298ceb62d2b4209cc2cc4bd6b3340a8c622f9,0,0.02189026027917862,0,0.0558445318279466,0
137,0,b10cb187ad20818ae30d4313af3298ceb62d2b4209cc2cc4bd6b3340a8c622f9,0,0.23622721433639526,1,0.1932725682083075,0
138,1,5b1dfc067ebc3811bb12772fb32729f203ceb6497e96be2f159d0be635823337,0,0.18040215969085693,0,0.4629200470831289,1
140,1,5b1dfc067ebc3811bb12772fb32729f203ceb6497e96be2f159d0be635823337,0,0.41804012656211853,1,0.3852343877804705,0
141,2,9627c88a009969b227459ee75a86b899fda1236d9018fff878ef14f5a49def92,0,0.8836612701416016,1,0.8285235733772289,1
143,2,9627c88a009969b227459ee75a86b899fda1236d9018fff878ef14f5a49def92,0,0.9248654842376709,1,0.6331713202472914,1
145,4,c736a6db7b18d574b4315b3d508913d7ce1d31adedea82f318109a7dfa79f0b1,0,0.16125530004501343,0,0.1311381031156013,0
146,4,c736a6db7b18d574b4315b3d508913d7ce1d31adedea82f318109a7dfa79f0b1,0,0.14952415227890015,0,0.1467294899973715,0
149,0,4a78960756d75ea9658e13e260a7b4f8b9c00c1986d2ef6ef1654c1750a0bdfc,0,0.058819256722927094,0,0.1603377366599569,0
150,0,4a78960756d75ea9658e13e260a7b4f8b9c00c1986d2ef6ef1654c1750a0bdfc,0,0.07519179582595825,0,0.185350024249153,0
151,1,c428ee0793b7d156e1c061dfc18457b4c1e7f089356c2bc591c1f28e58cec843,0,0.09305545687675476,0,0.2076844380331773,0
152,1,c428ee0793b7d156e1c061dfc18457b4c1e7f089356c2bc591c1f28e58cec843,0,0.07798925042152405,0,0.1722829750424704,0
154,2,89a14d6d7f206a438df3689e17b5fd8704b56db2c858fdf00ec4b17eacc9e639,0,0.1842239499092102,0,0.3148879752613189,0
156,2,89a14d6d7f206a438df3689e17b5fd8704b56db2c858fdf00ec4b17eacc9e639,1,0.5607131123542786,1,0.5563944169545317,1
158,3,6271d01cb40f9306ec190b97bd1a0becf9d20bfcb4b56c809fc74da3679682ec,0,0.286451518535614,1,0.2101425253603579,0
159,4,ea9ebb920ec355ce38acef47e5df6561254531900751f3d8c7adefa1525234af,1,0.08283558487892151,0,0.1884009331875961,0
161,4,ea9ebb920ec355ce38acef47e5df6561254531900751f3d8c7adefa1525234af,1,0.2155299335718155,0,0.1922055218344207,0
162,2,539a6e0a00c82184832f0b373415fe5c473e02b6a337fe1676de7445c3c7259b,0,0.18414056301116943,0,0.2135185074585831,0
163,2,539a6e0a00c82184832f0b373415fe5c473e02b6a337fe1676de7445c3c7259b,0,0.11196155101060867,0,0.2320967155356724,0
166,0,5f5299f6d7baf9210182a881a19338aba0bd0347a15b94bac017709e17b3ac96,1,0.44436901807785034,1,0.7438522592446027,1
168,0,5f5299f6d7baf9210182a881a19338aba0bd0347a15b94bac017709e17b3ac96,1,0.36201047897338867,1,0.7598564880031647,1
169,1,2783fb32f3873ae5da3b6c6f05c3eeada11aee36ad3ef22a85d95ebf804a26db,0,0.05021165683865547,0,0.275728968624693,0
170,1,2783fb32f3873ae5da3b6c6f05c3eeada11aee36ad3ef22a85d95ebf804a26db,0,0.12339198589324951,0,0.3807016694270915,0
172,3,f280cc71d90dc51ab7d9df16f58cf53d30cba09fd33c7a17cc30805f6f022e69,0,0.13228033483028412,0,0.3331382605580748,0
174,3,f280cc71d90dc51ab7d9df16f58cf53d30cba09fd33c7a17cc30805f6f022e69,0,0.4080350995063782,1,0.4062532664792271,1
176,4,c9f3e8dd0c1fbe4d5818a64367e319ceb5529707a400c51d81269f89f2ba9d15,0,0.06960577517747879,0,0.1223972623070953,0
178,4,c9f3e8dd0c1fbe4d5818a64367e319ceb5529707a400c51d81269f89f2ba9d15,1,0.2860132157802582,0,0.2750467373986243,0
180,2,695bd8fabada4d0b3de9050d1eb024fb8ee100cdc19223f91338412968f4affe,0,0.1653336137533188,0,0.2438025359764938,0
181,2,695bd8fabada4d0b3de9050d1eb024fb8ee100cdc19223f91338412968f4affe,0,0.11181603372097015,0,0.1534174632194307,0
182,0,de421bbd2531fa204c0b30ab238b1f8db829fd1bd3c1e222b7bc92d2cdab61d2,0,0.05654124170541763,0,0.1406381817761989,0
183,0,de421bbd2531fa204c0b30ab238b1f8db829fd1bd3c1e222b7bc92d2cdab61d2,0,0.04657341167330742,0,0.1816757163459229,0
185,1,bb9ca2137d5c8c9b7ee18a844a2a3b96cb784b0b0f40511fe88980395c34754a,0,0.07262327522039413,0,0.1406145265750935,0
187,1,bb9ca2137d5c8c9b7ee18a844a2a3b96cb784b0b0f40511fe88980395c34754a,0,0.05916692316532135,0,0.0966794087159688,0
188,3,cd7b6ac6977691a110fc66a3b2a996d4329270291daac296588f5d1767466a7a,0,0.2940879166126251,1,0.3296735017299669,0
190,3,cd7b6ac6977691a110fc66a3b2a996d4329270291daac296588f5d1767466a7a,0,0.10185994952917099,0,0.3626968254649381,1
193,3,a7a90f59fcb61c82c882637b3038d4a175c448160fd27e683b62bfb4fad5343e,0,0.08561784774065018,0,0.4613742954916613,1
194,3,a7a90f59fcb61c82c882637b3038d4a175c448160fd27e683b62bfb4fad5343e,0,0.08049561828374863,0,0.3878832649401054,1
196,4,ca13237e67a3fed6defad1f100a50ed89afb80f6974ae2b2f29e5cd719797907,0,0.1273064911365509,0,0.152313809263879,0
197,4,ca13237e67a3fed6defad1f100a50ed89afb80f6974ae2b2f29e5cd719797907,0,0.11158682405948639,0,0.2344461492794906,0
198,4,77f15f9ea59312bd66abb78c8372f0938dfb90f9276167462baa7a8304079778,0,0.13851682841777802,0,0.2353080728689122,0
199,4,77f15f9ea59312bd66abb78c8372f0938dfb90f9276167462baa7a8304079778,0,0.14544464647769928,0,0.213076935883277,0
203,2,42c858ccf2a18992031d4f2fa927ba2ee0513a6af7620a24c799293b162cc3e7,0,0.18658532202243805,0,0.4430734899938215,0
205,2,42c858ccf2a18992031d4f2fa927ba2ee0513a6af7620a24c799293b162cc3e7,0,0.09077730774879456,0,0.3911663925113451,0
206,0,d0003a174311580c020707ec0752bc9df1bce000a51dcf13b18e0527ede53b8d,0,0.0652891993522644,0,0.2680326392425635,0
207,0,d0003a174311580c020707ec0752bc9df1bce000a51dcf13b18e0527ede53b8d,0,0.24804481863975525,1,0.2509863741092994,0
210,1,cf07dd10596f255343829cfb51f8d2f2134e772fd3310eebb774005a064a6c00,0,0.22682282328605652,0,0.181139773712902,0
211,1,cf07dd10596f255343829cfb51f8d2f2134e772fd3310eebb774005a064a6c00,0,0.18332812190055847,0,0.2781483147020389,0
212,3,c6417239eef92a8dc4142a4cf502ce152954eed2d5ca8abbb62990eaae162b01,1,0.6839807033538818,1,0.8459042575512997,1
213,3,c6417239eef92a8dc4142a4cf502ce152954eed2d5ca8abbb62990eaae162b01,1,0.6460036039352417,1,0.7000395396666409,1
215,4,4d7864d0028e4d0d00b38e315849725417b684374c7e9ffb4477ee11151fe2ec,1,0.7465137243270874,1,0.4739034487137468,1
216,4,4d7864d0028e4d0d00b38e315849725417b684374c7e9ffb4477ee11151fe2ec,1,0.2794264853000641,0,0.3316184459620426,0
219,2,99c388448742bee397edfab291f69d0037faf916dc4d66bffc5e3a08ea054d21,0,0.22869715094566345,0,0.228869747648302,0
220,2,99c388448742bee397edfab291f69d0037faf916dc4d66bffc5e3a08ea054d21,0,0.19862699508666992,0,0.3030037724703892,0
224,2,4d489d2a77c8375e5eca2b3091f56035a77693bbc8ebfa9f648bd1e1ca1c0e73,0,0.0912352129817009,0,0.1356424055074443,0
225,2,4d489d2a77c8375e5eca2b3091f56035a77693bbc8ebfa9f648bd1e1ca1c0e73,0,0.10866162180900574,0,0.1968840137329736,0
227,0,fae4d80c00d32b4e0bb70ee52717429c913ea76561953c147fda4e3e0bfe082f,1,0.7532374262809753,1,0.6661361369754105,1
228,0,fae4d80c00d32b4e0bb70ee52717429c913ea76561953c147fda4e3e0bfe082f,1,0.5854318737983704,1,0.6749753528446782,1
230,0,ec5d249ee2b1d990ed796395622d51ee89d5f9ca3c39fcf4e55f6c5a17035dcd,1,0.09150062501430511,0,0.2983925128327086,0
231,0,ec5d249ee2b1d990ed796395622d51ee89d5f9ca3c39fcf4e55f6c5a17035dcd,1,0.09440149366855621,0,0.3715817177826184,1
233,1,5783687a327a63814210caa48eb09c59bd63ff73ea6536deea2940e26c40620d,0,0.16189418733119965,0,0.4269916421965423,1
235,1,5783687a327a63814210caa48eb09c59bd63ff73ea6536deea2940e26c40620d,0,0.17197957634925842,0,0.1943291140044711,0
236,3,564366033477090b01790a5f5b22301208af3c12acc012446059f92328857911,1,0.29715999960899353,1,0.3904344867865553,1
237,3,564366033477090b01790a5f5b22301208af3c12acc012446059f92328857911,1,0.6148015260696411,1,0.7017684320618677,1
239,2,c35a404627a6db5623098237b5e172b667b0bbc6f3d340d171dcc015e676a38d,0,0.07191817462444305,0,0.23740968567,0
241,2,c35a404627a6db5623098237b5e172b667b0bbc6f3d340d171dcc015e676a38d,1,0.6081703901290894,1,0.6131240559943771,1
243,4,1849eb4306459dc3698d053be2ed1aa8d938c424da5b49daef095251fdf4e648,0,0.18374276161193848,0,0.118388996607834,0
245,4,1849eb4306459dc3698d053be2ed1aa8d938c424da5b49daef095251fdf4e648,0,0.19585789740085602,0,0.2341168329419395,0
246,1,e4f957dbfe2b4cf0a5ca0e4f8118c844c571cb2c0a22996b0190cb1c03a4ec19,0,0.07647226750850677,0,0.1726416601579016,0
247,1,e4f957dbfe2b4cf0a5ca0e4f8118c844c571cb2c0a22996b0190cb1c03a4ec19,0,0.05965879186987877,0,0.1538146358723268,0
