index,fold,study_sha256,target,current_rf_lr_cnn_score,current_rf_lr_cnn_pred,geometry_rf_lr_score,geometry_rf_lr_pred,compact_lr_score,compact_lr_pred
0,0,9afbcb2c963c94e6d2c5c582c7963900dfd0260f7a02089d18615ab0b15321bb,0,0.13227674173497952,0,0.14815871142460726,0,0.3088124887139269,0
4,1,fd77dfa77bd6b84663f59595febc4f10d23f4c5212399052a6e3efb78660615c,0,0.24033024224418562,1,0.20129825094395395,0,0.35124353947905596,0
8,2,8b6e2df6eb80c3e39a9fad0feab3e8f901d7bf7d06b53f64ce56d77149743843,0,0.08517233994286737,0,0.09118210256585706,0,0.20511939315326036,0
10,3,ba6272bf9b4e0110a735c3f974fbda9bcca0b2b174ece72c722c93aa4611a760,0,0.13187877703393114,0,0.01840096330206841,0,0.22203601845252627,0
13,4,4f73bf57d358250eb15f5d3d56ac442ed763dd04ac0a049516c63e147fa8385b,1,0.406897550111021,0,0.5832266067497164,1,0.9271746016518102,1
16,3,e3a18c7e001502ab274b9de5b6bb43aedfd9e4726713f3c482c5d11d9af8c277,0,0.26721854068609346,0,0.3274349898470166,0,0.3662275140736784,0
20,0,2f5c7b5a3efe36dd0df0b4229b942e36d4a1a7744ce757992ec7aaf5f4f49c32,0,0.1941321142685022,0,0.27514912900072125,0,0.3033365963539165,0
21,1,4a86ffb2940e1f469387b5aec13d8524a0014001c3bde8791e3696f9836648b0,0,0.3146696642540672,1,0.4552063127495726,1,0.5619249021825885,1
24,2,945b25583867b35d6785771cfa013ef0abc4308cab9cd2325f95111279096d26,0,0.1927758554611123,0,0.1852562224985624,0,0.3309864436345459,0
25,4,90fcf932624c2910b811d108917b3d3947dfe90357e0127835d8682c8de7a1f7,0,0.032229518079620954,0,0.021952571780842412,0,0.23618362095562595,0
27,0,e80951956d9703945cecbe47124edb9082f6d82097121bf19179575c693abf0f,0,0.35941001800800554,1,0.5176709740922237,0,0.9191646758902206,1
30,1,308fdcdb5faa8ab8caa1ab07e4235f3d91d970845bb16558b14eea01c390b560,0,0.11321109969351767,0,0.15138340669036965,0,0.4045398615829488,0
33,3,0d8048e81c3b7566ec639f659856590f7efcac8de74fb9c68b5f6a24673433da,0,0.12874027906338448,0,0.11272052491778926,0,0.2628567016264044,0
36,2,38f202d102c0462b8f8ad9259789bca4c40cd39912ffd64d86bae1cb4c7787da,0,0.1955666525319618,0,0.24044379654331635,0,0.31440859901218876,0
37,4,8fe16e6e5620cfdc833643642511697bb503441da07a68f669249eb71a2732a1,0,0.09004405483629448,0,0.007937479423037021,0,0.35973003639162987,0
38,0,0fa80792ce4decb833f6087ee230ad9cb50dc687b8b2c04fcdce740df35f5d3b,0,0.5898164519499335,1,0.5774678367354527,1,0.4363737345805855,0
41,2,5c331a59d0433789785051f60cab9c2d9be9fc707fe55aa0c2ade05abcc35c70,0,0.2011597621869261,0,0.12541398194321385,0,0.1985101485671404,0
43,1,1e55b3d82980229a847b903420d2ba23bd0d0dc6e415f948765561d0fc02c390,0,0.05255055250120935,0,0.06459443770835041,0,0.1085032949866686,0
45,3,248478ce7398e7df3a978ebffa15bb3b81bb4de126340d199d39f3b4a6dbc015,1,0.2523680372470098,0,0.36344324206265854,0,0.5304005295929471,0
48,4,c650a4f2b89f02376286f0ebbdfdde18a5fbbafbada4110cd15f54c3ef3c2a3c,0,0.05005266307133214,0,0.04477385989244567,0,0.3165394019621994,0
49,0,a9c069ee265c108132d70dc9ba7f5516d59def806e8cf565ef11568b331ed4de,0,0.10601472991486888,0,0.12069702420525932,0,0.17722321123907564,0
50,1,8c85c01aaa11e44881fc6611120e4a9a92a25abd7319987daa2cbea9d3b542cd,0,0.361554206946706,1,0.42374215966889567,1,0.4377529362811728,0
52,2,11ba53bb72f7cc76eae5e8260fd501090d86071514ff5c1f1afd56febd4cc1d4,0,0.18817695706867543,0,0.2591782053139189,1,0.2777489115495527,0
56,3,e328583e66f0a8a0e0beed77c046a2ec14db2314a10c79598e0ef44e6f791c2c,0,0.08662147183703649,0,0.10982128872047042,0,0.15218061775766858,0
59,4,3f12fda031842f8ed3ecd5509f94031ca7bdb8d7e2933a3b484b681e42f4b2da,0,0.15275312272053976,0,0.07174440249409872,0,0.662503351025139,1
63,4,e03b2e27def8a14136e0448135c7810f4f4cfe483de7783151c2191c73f735d5,0,0.1863556960023468,0,0.22363775414374673,0,0.8633481217047727,1
64,2,7d62a30770a6eecc6dbbb971ed22ce5afe92bb71be9411db89b004a73f341899,0,0.2709050802410399,1,0.36248044473074387,1,0.6295065131195646,1
68,0,ccf5f4e8bb41515f2341c5f734f3a1dc06d66e21f9436e79b86d6e0595563051,0,0.3496085752507288,1,0.5025346803979329,0,0.5370238395472738,1
71,1,f42703b25adc4a126991e9a9b58b38d9ce9b737b7f1b24909fbfb7525c2cf3f7,0,0.08774874210755335,0,0.09936349574529109,0,0.24077872508031886,0
72,3,9bea836e8f9fd3498fdcbdef1ce32e5aed55d50a623519f4ba6d0a8ab8e3bda5,0,0.1466425563834732,0,0.15691354134992092,0,0.39542373345878457,0
73,4,5d1a3357b63dc722f1c45b85f6de30f4b0cbf491f76ea2bb4deaa2aa64f6bf98,0,0.11055972606429931,0,0.1568444049536277,0,0.21150402529469553,0
76,0,46ade4c02c4bea1aad370bfc871a21ae6096d671fce930db627aef0a3a6eeb6e,0,0.24407841960552212,1,0.28077376814607324,0,0.3713952295585959,0
77,1,fceabbaa6cdf165b549be30d61cb95e5103514d2d3ef1a83e9ac0460913f2b36,0,0.14770113330878287,0,0.11575441221630078,0,0.12878203155876225,0
82,2,48033c5826d9000554904d72c84469475eb4948ec799407aa18251fc969715df,0,0.32144214943123206,1,0.42584142670668423,1,0.49021613932566716,0
85,3,23b26c237fa97c4bb45e9f8348bfdeda93adaffdfdb0902e7601254a35f164ca,0,0.1607515828052841,0,0.043318457949940305,0,0.3088030129373572,0
86,2,a19c8d3082aad3bd7438125d03e2bbd2bcdbe3c15a1a19a6150ab23504eb3072,0,0.12234495621413051,0,0.13211845019390508,0,0.3899905353729702,0
89,0,ecd1778ee29c4684f41af424b8b581b6ff5d84bfd465b7f184bf1f80df810b9b,0,0.38532512096464266,1,0.33598333077112064,0,0.47961330681937114,0
93,1,2687e6d41a12b8788d8629d9a376ffa0702640830b50f522f9973fd7795c502c,0,0.053442123233141514,0,0.05874547168359546,0,0.19407776405831942,0
97,3,ee8b620494cd776058f7db982ac4bae4edf6311fb2a25275d672379b04ca5f83,0,0.07409800354082742,0,0.07248423039795526,0,0.12390423361397906,0
98,4,1ec1ba90e244decb114142bc0191926af84c7e9a9f801fedc6abf12983cf975a,0,0.14091411238559962,0,0.08313777979945157,0,0.18936110081657406,0
101,2,e6d5d3af96be929ed1f63223a4a1312323a753e6c908fb80167936a354da8bb8,0,0.19710326939381864,0,0.2625490693340945,1,0.4662841365139681,0
103,0,88575d407b8e7c4cf91159cddb1b4e297cf52b75fc0a88ef47166eb88a028408,0,0.06258966847192515,0,0.04745425732221722,0,0.4123208601125853,0
105,1,0299476b88b1e56bc88ec93a0746e36a583810266b0cbe900b2fd3d9d2fb3c90,0,0.08445189164776336,0,0.07368935345238185,0,0.12111867937039934,0
107,3,c6b76cbed1feb4585d721d090352f00545779c8cf79fc6eb8fcf69225604309d,0,0.17482799185998313,0,0.1755993048952492,0,0.2640225169126053,0
111,4,07a8cb943f13ac170e395729c740a2e737def102b661443e3f0faa471b19ccd9,0,0.37425805789112315,0,0.544006674348664,1,0.5690441016121733,0
113,2,6016c41d5a22841408f8e4a9310b8c2336abe34604d4efe80986ebd14b98c5aa,0,0.07704820258101262,0,0.11139028277161361,0,0.18475769638343978,0
116,0,eeeff4fef6fdb3a2039522edc768b2dc4ee510169d4b889c2d4d493148173501,0,0.04764649549234642,0,0.04522416308881408,0,0.20425759183047257,0
117,1,562bea8be87ed809daa953b1dc907f63022c50e5d3904d124b3defdd87e5ee47,0,0.207309301563097,0,0.17784087755593445,0,0.27626677610921846,0
121,3,516c66a91c8acda0a7432df89da77d9c53b1dfc67e086ce0d6a5f4574bcdf653,0,0.24331727106982062,0,0.16928129961980107,0,0.182806454291936,0
123,4,5b495b0266b2fe63e4ed70470bb0ab8a520ab473965c6abdaa88848762e5307e,0,0.05819086309197823,0,0.08174666439112312,0,0.15923750963324299,0
124,2,957bd37e8aa946def57d3c6863f3d282f74018d4e22e6aa948cb52ad187f6d5b,0,0.4508883039614913,1,0.5132402406149573,1,0.5695546436038769,1
127,0,c6f054182a37a7d477b379e2a4f1b35a2af17e2ca5e92882b0a7c6373dc3ef75,0,0.2732103105068479,1,0.3313761561680222,0,0.37722869304867296,0
130,1,ad8f1ab4c8fe901c2cb77894c72ce2f2e3fbb717f43a660801a9ed8969cee77b,1,0.16038815302822038,0,0.1846919019572768,0,0.44346252986419166,0
133,3,a0cb87d9a00457adebec1da9027f3125537c15ef5e9690f93652464ca60a98c2,0,0.4024961194281958,1,0.5649382038381451,1,0.46820197134858765,0
135,4,b10cb187ad20818ae30d4313af3298ceb62d2b4209cc2cc4bd6b3340a8c622f9,0,0.08591092872637462,0,0.09094464468546581,0,0.18827381460098253,0
139,2,5b1dfc067ebc3811bb12772fb32729f203ceb6497e96be2f159d0be635823337,0,0.5787886590852095,1,0.5674362013144686,1,0.7138930904803806,1
142,0,9627c88a009969b227459ee75a86b899fda1236d9018fff878ef14f5a49def92,0,0.0869811095531212,0,0.02155393727251708,0,0.21087840657418436,0
144,1,31d95ed706e8ffa5a3aeb7bbc2299039b64dedc098f00108250a2efd2a735aab,0,0.4745011718235253,1,0.6424210739847176,1,0.7914418817202197,1
147,3,c736a6db7b18d574b4315b3d508913d7ce1d31adedea82f318109a7dfa79f0b1,0,0.35502263200726997,0,0.40742879942905896,0,0.44679633584146555,0
148,4,4a78960756d75ea9658e13e260a7b4f8b9c00c1986d2ef6ef1654c1750a0bdfc,0,0.2270376350359068,0,0.21844874030522382,0,0.2869167809157064,0
153,2,c428ee0793b7d156e1c061dfc18457b4c1e7f089356c2bc591c1f28e58cec843,0,0.20990344184418785,0,0.24826039302658762,1,0.3621632823121739,0
155,0,89a14d6d7f206a438df3689e17b5fd8704b56db2c858fdf00ec4b17eacc9e639,1,0.45308286202204656,1,0.6568478444929815,1,0.646669572034219,1
157,1,6271d01cb40f9306ec190b97bd1a0becf9d20bfcb4b56c809fc74da3679682ec,0,0.05842179440201959,0,0.0823178310570683,0,0.14189927073248465,0
160,3,ea9ebb920ec355ce38acef47e5df6561254531900751f3d8c7adefa1525234af,0,0.5041384677060635,1,0.5810624336294595,1,0.5570573863942547,0
164,4,539a6e0a00c82184832f0b373415fe5c473e02b6a337fe1676de7445c3c7259b,0,0.25575165271059763,0,0.3256428221775003,0,0.48151913110998223,0
165,2,3f58fcac776e94137a4606a92aae4cbf87a54e8eb18ae34752a96ae0ea348b8b,1,0.5281840519280131,1,0.6410631430982566,1,0.9766126136029376,1
167,4,5f5299f6d7baf9210182a881a19338aba0bd0347a15b94bac017709e17b3ac96,0,0.08958234440872921,0,0.039590900671978506,0,0.36995269261599545,0
171,0,2783fb32f3873ae5da3b6c6f05c3eeada11aee36ad3ef22a85d95ebf804a26db,0,0.09291708961468138,0,0.08390090510888416,0,0.14142680521688733,0
173,1,f280cc71d90dc51ab7d9df16f58cf53d30cba09fd33c7a17cc30805f6f022e69,1,0.233876604353058,1,0.22723218419384214,0,0.3421309802851335,0
175,3,04276185449fcf7f813c3ce9b2355c76a3212ec5d1209f9106df1843107ef526,0,0.49112209729844647,1,0.663919591456505,1,0.8774917882220219,1
177,2,c9f3e8dd0c1fbe4d5818a64367e319ceb5529707a400c51d81269f89f2ba9d15,0,0.4982790820461838,1,0.7017616176338055,1,0.9035635817422215,1
179,0,695bd8fabada4d0b3de9050d1eb024fb8ee100cdc19223f91338412968f4affe,0,0.07005309399853273,0,0.059731943621972615,0,0.47400468077635477,0
184,4,de421bbd2531fa204c0b30ab238b1f8db829fd1bd3c1e222b7bc92d2cdab61d2,0,0.18706753686575295,0,0.2259357913342343,0,0.3222175573701471,0
186,1,bb9ca2137d5c8c9b7ee18a844a2a3b96cb784b0b0f40511fe88980395c34754a,0,0.09519157182829624,0,0.11258494737500807,0,0.18456878665070364,0
189,3,cd7b6ac6977691a110fc66a3b2a996d4329270291daac296588f5d1767466a7a,0,0.1407459008785897,0,0.17585572030619134,0,0.341291708353706,0
191,0,7ed000fdf492ae4a6db9cb7fb6c1e5c174da9e1427a697c4cb509ce1d83daa42,0,0.13971792645658693,0,0.16939833353966355,0,0.25077012567355916,0
192,2,a7a90f59fcb61c82c882637b3038d4a175c448160fd27e683b62bfb4fad5343e,0,0.10531855987792992,0,0.10745303792494583,0,0.14867321225710578,0
195,4,ca13237e67a3fed6defad1f100a50ed89afb80f6974ae2b2f29e5cd719797907,1,0.23551563119499028,0,0.28279601469228083,0,0.40662058341861534,0
200,1,77f15f9ea59312bd66abb78c8372f0938dfb90f9276167462baa7a8304079778,0,0.12263409406541888,0,0.16368160051386993,0,0.2142259208320718,0
201,3,d1d9bbd1bc5b93d6e67dc85014eba5d641634038b9493e5a4b20198cc0e486e5,0,0.1759781210775301,0,0.18675075858162268,0,0.3947326112678158,0
202,0,e513f7a3923ad48bf36e79ca7ee77cdef722b32fd1316b8598481eb1891da4a0,0,0.2807399457577427,1,0.3874541559654122,0,0.8294556097938188,1
204,2,42c858ccf2a18992031d4f2fa927ba2ee0513a6af7620a24c799293b162cc3e7,0,0.19461242396251457,0,0.2093733305229386,0,0.6244077812233407,1
208,4,d0003a174311580c020707ec0752bc9df1bce000a51dcf13b18e0527ede53b8d,0,0.13557704930215506,0,0.13712743758861687,0,0.28480760061399707,0
209,1,cf07dd10596f255343829cfb51f8d2f2134e772fd3310eebb774005a064a6c00,1,0.5858064059045787,1,0.7533134113629503,1,0.8501124067334909,1
214,3,c6417239eef92a8dc4142a4cf502ce152954eed2d5ca8abbb62990eaae162b01,1,0.22943068235392336,0,0.2270351176917486,0,0.35923681581357214,0
217,0,4d7864d0028e4d0d00b38e315849725417b684374c7e9ffb4477ee11151fe2ec,0,0.3635765786724217,1,0.5232353852368747,0,0.5873430721545694,1
218,2,57d35e46d5c3fdca04861abb7639ac7d55edc071d905451398449a10add6f528,0,0.4556840103112148,1,0.5980819009373256,1,0.768296852462432,1
221,4,99c388448742bee397edfab291f69d0037faf916dc4d66bffc5e3a08ea054d21,0,0.15569272716934843,0,0.1837546341799576,0,0.2320233014516521,0
222,1,a978f5ced1bcd3225c94697ba18a4cda2c07f0cb8227689f84e2a0178ad2689b,0,0.11951663696118081,0,0.12465388020187056,0,0.2076859080511111,0
223,3,2178f286eb80bed79e78ed879b8983c91e81b52983d953d28d08f62f67cf9911,0,0.12854916916979595,0,0.07874810947316722,0,0.12053916880663591,0
226,0,4d489d2a77c8375e5eca2b3091f56035a77693bbc8ebfa9f648bd1e1ca1c0e73,0,0.10459145479697407,0,0.1099908747364718,0,0.15124137551692898,0
229,1,fae4d80c00d32b4e0bb70ee52717429c913ea76561953c147fda4e3e0bfe082f,0,0.09332368418265563,0,0.11925484582335799,0,0.149188367314523,0
232,3,ec5d249ee2b1d990ed796395622d51ee89d5f9ca3c39fcf4e55f6c5a17035dcd,1,0.48248082668231956,1,0.6024621191633232,1,0.6042067224606007,1
234,2,5783687a327a63814210caa48eb09c59bd63ff73ea6536deea2940e26c40620d,0,0.20220494452648466,0,0.2602496978722079,1,0.35203668911431574,0
238,4,564366033477090b01790a5f5b22301208af3c12acc012446059f92328857911,0,0.0998027016249219,0,0.055089055132285604,0,0.33555223245528093,0
240,0,c35a404627a6db5623098237b5e172b667b0bbc6f3d340d171dcc015e676a38d,0,0.15752393366768655,0,0.19967789842128222,0,0.23511384825706802,0
242,1,94bccafb0ad2d18797e76db525ce3cbee0b07750643c1bc2734fbf609193da77,0,0.09544444964714578,0,0.09545995002159963,0,0.22136926261533638,0
244,3,1849eb4306459dc3698d053be2ed1aa8d938c424da5b49daef095251fdf4e648,0,0.5187265672727807,1,0.6864137610003581,1,0.7513358344660105,1
248,2,e4f957dbfe2b4cf0a5ca0e4f8118c844c571cb2c0a22996b0190cb1c03a4ec19,0,0.1817129501488739,0,0.18435547936653457,0,0.2573169763315542,0
