index,fold,study_sha256,target,biomedclip_image_lr_score,biomedclip_image_lr_pred,current_score,current_pred
0,0,9afbcb2c963c94e6d2c5c582c7963900dfd0260f7a02089d18615ab0b15321bb,0,0.1263002102410441,0,0.1322767417349795,0
4,1,fd77dfa77bd6b84663f59595febc4f10d23f4c5212399052a6e3efb78660615c,0,0.408439417708089,1,0.2403302422441856,1
8,2,8b6e2df6eb80c3e39a9fad0feab3e8f901d7bf7d06b53f64ce56d77149743843,0,0.3142220851472391,1,0.0851723399428673,0
10,3,ba6272bf9b4e0110a735c3f974fbda9bcca0b2b174ece72c722c93aa4611a760,0,0.11627991089946117,0,0.1318787770339311,0
13,4,4f73bf57d358250eb15f5d3d56ac442ed763dd04ac0a049516c63e147fa8385b,1,0.6080024816454014,1,0.406897550111021,0
16,3,e3a18c7e001502ab274b9de5b6bb43aedfd9e4726713f3c482c5d11d9af8c277,0,0.522235211265166,1,0.2672185406860934,0
20,0,2f5c7b5a3efe36dd0df0b4229b942e36d4a1a7744ce757992ec7aaf5f4f49c32,0,0.0898308653496366,0,0.1941321142685022,0
21,1,4a86ffb2940e1f469387b5aec13d8524a0014001c3bde8791e3696f9836648b0,0,0.06269448625700066,1,0.3146696642540672,1
24,2,945b25583867b35d6785771cfa013ef0abc4308cab9cd2325f95111279096d26,0,0.4721212883539071,1,0.1927758554611123,0
25,4,90fcf932624c2910b811d108917b3d3947dfe90357e0127835d8682c8de7a1f7,0,0.4368342060670311,1,0.0322295180796209,0
27,0,e80951956d9703945cecbe47124edb9082f6d82097121bf19179575c693abf0f,0,0.17923137893705743,0,0.3594100180080055,1
30,1,308fdcdb5faa8ab8caa1ab07e4235f3d91d970845bb16558b14eea01c390b560,0,0.265381245530583,1,0.1132110996935176,0
33,3,0d8048e81c3b7566ec639f659856590f7efcac8de74fb9c68b5f6a24673433da,0,0.4126432439779118,1,0.1287402790633844,0
36,2,38f202d102c0462b8f8ad9259789bca4c40cd39912ffd64d86bae1cb4c7787da,0,0.306209616052967,1,0.1955666525319618,0
37,4,8fe16e6e5620cfdc833643642511697bb503441da07a68f669249eb71a2732a1,0,0.07039635810472439,1,0.0900440548362944,0
38,0,0fa80792ce4decb833f6087ee230ad9cb50dc687b8b2c04fcdce740df35f5d3b,0,0.3452876861604333,0,0.5898164519499335,1
41,2,5c331a59d0433789785051f60cab9c2d9be9fc707fe55aa0c2ade05abcc35c70,0,0.42396036715648827,1,0.2011597621869261,0
43,1,1e55b3d82980229a847b903420d2ba23bd0d0dc6e415f948765561d0fc02c390,0,0.26888629628116295,1,0.0525505525012093,0
45,3,248478ce7398e7df3a978ebffa15bb3b81bb4de126340d199d39f3b4a6dbc015,1,0.00866656288539331,0,0.2523680372470098,0
48,4,c650a4f2b89f02376286f0ebbdfdde18a5fbbafbada4110cd15f54c3ef3c2a3c,0,0.16677984690553588,1,0.0500526630713321,0
49,0,a9c069ee265c108132d70dc9ba7f5516d59def806e8cf565ef11568b331ed4de,0,0.08989448309017706,0,0.1060147299148688,0
50,1,8c85c01aaa11e44881fc6611120e4a9a92a25abd7319987daa2cbea9d3b542cd,0,0.1909199286264337,1,0.361554206946706,1
52,2,11ba53bb72f7cc76eae5e8260fd501090d86071514ff5c1f1afd56febd4cc1d4,0,0.26784503436407214,1,0.1881769570686754,0
56,3,e328583e66f0a8a0e0beed77c046a2ec14db2314a10c79598e0ef44e6f791c2c,0,0.07549425376045574,0,0.0866214718370364,0
59,4,3f12fda031842f8ed3ecd5509f94031ca7bdb8d7e2933a3b484b681e42f4b2da,0,0.4868617045304217,1,0.1527531227205397,0
63,4,e03b2e27def8a14136e0448135c7810f4f4cfe483de7783151c2191c73f735d5,0,0.3338969673152187,1,0.1863556960023468,0
64,2,7d62a30770a6eecc6dbbb971ed22ce5afe92bb71be9411db89b004a73f341899,0,0.4251101690815165,1,0.2709050802410399,1
68,0,ccf5f4e8bb41515f2341c5f734f3a1dc06d66e21f9436e79b86d6e0595563051,0,0.09354045785711385,0,0.3496085752507288,1
71,1,f42703b25adc4a126991e9a9b58b38d9ce9b737b7f1b24909fbfb7525c2cf3f7,0,0.220527944808851,1,0.0877487421075533,0
72,3,9bea836e8f9fd3498fdcbdef1ce32e5aed55d50a623519f4ba6d0a8ab8e3bda5,0,0.40847372231413837,1,0.1466425563834732,0
73,4,5d1a3357b63dc722f1c45b85f6de30f4b0cbf491f76ea2bb4deaa2aa64f6bf98,0,0.5211637515416324,1,0.1105597260642993,0
76,0,46ade4c02c4bea1aad370bfc871a21ae6096d671fce930db627aef0a3a6eeb6e,0,0.44918298457302824,0,0.2440784196055221,1
77,1,fceabbaa6cdf165b549be30d61cb95e5103514d2d3ef1a83e9ac0460913f2b36,0,0.15136036961767543,1,0.1477011333087828,0
82,2,48033c5826d9000554904d72c84469475eb4948ec799407aa18251fc969715df,0,0.1993187709135378,1,0.321442149431232,1
85,3,23b26c237fa97c4bb45e9f8348bfdeda93adaffdfdb0902e7601254a35f164ca,0,0.4639981386296081,1,0.1607515828052841,0
86,2,a19c8d3082aad3bd7438125d03e2bbd2bcdbe3c15a1a19a6150ab23504eb3072,0,0.5942633844576863,1,0.1223449562141305,0
89,0,ecd1778ee29c4684f41af424b8b581b6ff5d84bfd465b7f184bf1f80df810b9b,0,0.33203370285420486,0,0.3853251209646426,1
93,1,2687e6d41a12b8788d8629d9a376ffa0702640830b50f522f9973fd7795c502c,0,0.5578768129902172,1,0.0534421232331415,0
97,3,ee8b620494cd776058f7db982ac4bae4edf6311fb2a25275d672379b04ca5f83,0,0.052242654155274425,0,0.0740980035408274,0
98,4,1ec1ba90e244decb114142bc0191926af84c7e9a9f801fedc6abf12983cf975a,0,0.17386694539572325,1,0.1409141123855996,0
101,2,e6d5d3af96be929ed1f63223a4a1312323a753e6c908fb80167936a354da8bb8,0,0.26710476196813826,1,0.1971032693938186,0
103,0,88575d407b8e7c4cf91159cddb1b4e297cf52b75fc0a88ef47166eb88a028408,0,0.0758341539592342,0,0.0625896684719251,0
105,1,0299476b88b1e56bc88ec93a0746e36a583810266b0cbe900b2fd3d9d2fb3c90,0,0.10672475007467654,1,0.0844518916477633,0
107,3,c6b76cbed1feb4585d721d090352f00545779c8cf79fc6eb8fcf69225604309d,0,0.3231699891273887,0,0.1748279918599831,0
111,4,07a8cb943f13ac170e395729c740a2e737def102b661443e3f0faa471b19ccd9,0,0.2014606095899609,1,0.3742580578911231,0
113,2,6016c41d5a22841408f8e4a9310b8c2336abe34604d4efe80986ebd14b98c5aa,0,0.2637628887221738,1,0.0770482025810126,0
116,0,eeeff4fef6fdb3a2039522edc768b2dc4ee510169d4b889c2d4d493148173501,0,0.08967883138246362,0,0.0476464954923464,0
117,1,562bea8be87ed809daa953b1dc907f63022c50e5d3904d124b3defdd87e5ee47,0,0.07344659582138652,1,0.207309301563097,0
121,3,516c66a91c8acda0a7432df89da77d9c53b1dfc67e086ce0d6a5f4574bcdf653,0,0.23206836237508505,0,0.2433172710698206,0
123,4,5b495b0266b2fe63e4ed70470bb0ab8a520ab473965c6abdaa88848762e5307e,0,0.1254580478184537,1,0.0581908630919782,0
124,2,957bd37e8aa946def57d3c6863f3d282f74018d4e22e6aa948cb52ad187f6d5b,0,0.1127528102549068,1,0.4508883039614913,1
127,0,c6f054182a37a7d477b379e2a4f1b35a2af17e2ca5e92882b0a7c6373dc3ef75,0,0.5504035168393853,1,0.2732103105068479,1
130,1,ad8f1ab4c8fe901c2cb77894c72ce2f2e3fbb717f43a660801a9ed8969cee77b,1,0.12867684507690147,1,0.1603881530282203,0
133,3,a0cb87d9a00457adebec1da9027f3125537c15ef5e9690f93652464ca60a98c2,0,0.30443241949249467,0,0.4024961194281958,1
135,4,b10cb187ad20818ae30d4313af3298ceb62d2b4209cc2cc4bd6b3340a8c622f9,0,0.189917063392066,1,0.0859109287263746,0
139,2,5b1dfc067ebc3811bb12772fb32729f203ceb6497e96be2f159d0be635823337,0,0.10879727034172794,1,0.5787886590852095,1
142,0,9627c88a009969b227459ee75a86b899fda1236d9018fff878ef14f5a49def92,0,0.17578463055717103,0,0.0869811095531212,0
144,1,31d95ed706e8ffa5a3aeb7bbc2299039b64dedc098f00108250a2efd2a735aab,0,0.14384940996859452,1,0.4745011718235253,1
147,3,c736a6db7b18d574b4315b3d508913d7ce1d31adedea82f318109a7dfa79f0b1,0,0.15018933796749792,0,0.3550226320072699,0
148,4,4a78960756d75ea9658e13e260a7b4f8b9c00c1986d2ef6ef1654c1750a0bdfc,0,0.28865505199387975,1,0.2270376350359068,0
153,2,c428ee0793b7d156e1c061dfc18457b4c1e7f089356c2bc591c1f28e58cec843,0,0.36523370032953206,1,0.2099034418441878,0
155,0,89a14d6d7f206a438df3689e17b5fd8704b56db2c858fdf00ec4b17eacc9e639,1,0.1048207220182686,0,0.4530828620220465,1
157,1,6271d01cb40f9306ec190b97bd1a0becf9d20bfcb4b56c809fc74da3679682ec,0,0.46376103153865533,1,0.0584217944020195,0
160,3,ea9ebb920ec355ce38acef47e5df6561254531900751f3d8c7adefa1525234af,0,0.22694034498336096,0,0.5041384677060635,1
164,4,539a6e0a00c82184832f0b373415fe5c473e02b6a337fe1676de7445c3c7259b,0,0.13564457655419182,1,0.2557516527105976,0
165,2,3f58fcac776e94137a4606a92aae4cbf87a54e8eb18ae34752a96ae0ea348b8b,1,0.8827745737811281,1,0.5281840519280131,1
167,4,5f5299f6d7baf9210182a881a19338aba0bd0347a15b94bac017709e17b3ac96,0,0.3435731828930156,1,0.0895823444087292,0
171,0,2783fb32f3873ae5da3b6c6f05c3eeada11aee36ad3ef22a85d95ebf804a26db,0,0.07335606861861668,0,0.0929170896146813,0
173,1,f280cc71d90dc51ab7d9df16f58cf53d30cba09fd33c7a17cc30805f6f022e69,1,0.05693087659826471,1,0.233876604353058,1
175,3,04276185449fcf7f813c3ce9b2355c76a3212ec5d1209f9106df1843107ef526,0,0.13718931280794774,0,0.4911220972984464,1
177,2,c9f3e8dd0c1fbe4d5818a64367e319ceb5529707a400c51d81269f89f2ba9d15,0,0.7095643303639428,1,0.4982790820461838,1
179,0,695bd8fabada4d0b3de9050d1eb024fb8ee100cdc19223f91338412968f4affe,0,0.3809095839029546,0,0.0700530939985327,0
184,4,de421bbd2531fa204c0b30ab238b1f8db829fd1bd3c1e222b7bc92d2cdab61d2,0,0.08149278726603942,1,0.1870675368657529,0
186,1,bb9ca2137d5c8c9b7ee18a844a2a3b96cb784b0b0f40511fe88980395c34754a,0,0.17353377169313608,1,0.0951915718282962,0
189,3,cd7b6ac6977691a110fc66a3b2a996d4329270291daac296588f5d1767466a7a,0,0.5100650207234393,1,0.1407459008785897,0
191,0,7ed000fdf492ae4a6db9cb7fb6c1e5c174da9e1427a697c4cb509ce1d83daa42,0,0.3157120512903606,0,0.1397179264565869,0
192,2,a7a90f59fcb61c82c882637b3038d4a175c448160fd27e683b62bfb4fad5343e,0,0.23203760365638323,1,0.1053185598779299,0
195,4,ca13237e67a3fed6defad1f100a50ed89afb80f6974ae2b2f29e5cd719797907,1,0.26506118300894577,1,0.2355156311949902,0
200,1,77f15f9ea59312bd66abb78c8372f0938dfb90f9276167462baa7a8304079778,0,0.34529383583373924,1,0.1226340940654188,0
201,3,d1d9bbd1bc5b93d6e67dc85014eba5d641634038b9493e5a4b20198cc0e486e5,0,0.18943629967430534,0,0.1759781210775301,0
202,0,e513f7a3923ad48bf36e79ca7ee77cdef722b32fd1316b8598481eb1891da4a0,0,0.25064364536454403,0,0.2807399457577427,1
204,2,42c858ccf2a18992031d4f2fa927ba2ee0513a6af7620a24c799293b162cc3e7,0,0.19003732683967473,1,0.1946124239625145,0
208,4,d0003a174311580c020707ec0752bc9df1bce000a51dcf13b18e0527ede53b8d,0,0.31050944079129106,1,0.135577049302155,0
209,1,cf07dd10596f255343829cfb51f8d2f2134e772fd3310eebb774005a064a6c00,1,0.5993002449787235,1,0.5858064059045787,1
214,3,c6417239eef92a8dc4142a4cf502ce152954eed2d5ca8abbb62990eaae162b01,1,0.06598616113162822,0,0.2294306823539233,0
217,0,4d7864d0028e4d0d00b38e315849725417b684374c7e9ffb4477ee11151fe2ec,0,0.10315211655689512,0,0.3635765786724217,1
218,2,57d35e46d5c3fdca04861abb7639ac7d55edc071d905451398449a10add6f528,0,0.14588719916993942,1,0.4556840103112148,1
221,4,99c388448742bee397edfab291f69d0037faf916dc4d66bffc5e3a08ea054d21,0,0.44168481174979374,1,0.1556927271693484,0
222,1,a978f5ced1bcd3225c94697ba18a4cda2c07f0cb8227689f84e2a0178ad2689b,0,0.332681516033232,1,0.1195166369611808,0
223,3,2178f286eb80bed79e78ed879b8983c91e81b52983d953d28d08f62f67cf9911,0,0.0948354224201047,0,0.1285491691697959,0
226,0,4d489d2a77c8375e5eca2b3091f56035a77693bbc8ebfa9f648bd1e1ca1c0e73,0,0.14433251877871395,0,0.104591454796974,0
229,1,fae4d80c00d32b4e0bb70ee52717429c913ea76561953c147fda4e3e0bfe082f,0,0.2376889728339801,1,0.0933236841826556,0
232,3,ec5d249ee2b1d990ed796395622d51ee89d5f9ca3c39fcf4e55f6c5a17035dcd,1,0.3115072228220901,0,0.4824808266823195,1
234,2,5783687a327a63814210caa48eb09c59bd63ff73ea6536deea2940e26c40620d,0,0.5619878307041344,1,0.2022049445264846,0
238,4,564366033477090b01790a5f5b22301208af3c12acc012446059f92328857911,0,0.6253171010925377,1,0.0998027016249219,0
240,0,c35a404627a6db5623098237b5e172b667b0bbc6f3d340d171dcc015e676a38d,0,0.0676479569643831,0,0.1575239336676865,0
242,1,94bccafb0ad2d18797e76db525ce3cbee0b07750643c1bc2734fbf609193da77,0,0.18568635698987626,1,0.0954444496471457,0
244,3,1849eb4306459dc3698d053be2ed1aa8d938c424da5b49daef095251fdf4e648,0,0.13508193092544934,0,0.5187265672727807,1
248,2,e4f957dbfe2b4cf0a5ca0e4f8118c844c571cb2c0a22996b0190cb1c03a4ec19,0,0.523974186228253,1,0.1817129501488739,0
