index,fold,study,target,foundation_lr_score,foundation_lr_pred,current_score,current_pred
1,2,1.2.840.113619.2.110.512719.20250403090444,0,0.09453416254774805,0,0.2575922423949628,0
2,2,1.2.840.113619.2.110.512719.20250403090444,1,0.02081298738871053,0,0.2643284825596542,0
3,0,1.2.840.113619.2.110.512719.20250403092052,0,0.08721797697268885,0,0.4593539785782036,1
5,0,1.2.840.113619.2.110.512719.20250403092052,0,0.043924483118347755,0,0.5206604085155346,1
6,1,1.2.840.113619.2.110.512719.20250407113211,1,0.12507160623150484,1,0.3055311388167264,0
7,1,1.2.840.113619.2.110.512719.20250407113211,0,0.36203789420285687,1,0.1690006989331687,0
9,3,2.25.10245777060263212829333021434108890537,0,0.18767526346115934,1,0.5221156995228464,1
11,3,2.25.10245777060263212829333021434108890537,0,0.45267829659061465,1,0.3566067505640637,1
12,2,2.25.102755089973625799055786462646268820450,0,0.19350139264034968,0,0.2723217152049996,0
14,2,2.25.102755089973625799055786462646268820450,1,0.06485914641232528,0,0.295346615897911,0
15,3,2.25.102965897799404973225419898683246248872,0,0.33272092256878033,1,0.2259690303959112,0
17,3,2.25.102965897799404973225419898683246248872,0,0.18555374659156817,1,0.2625660597881242,0
18,4,2.25.103868781101960771917584077315578649178,0,0.19468333224949683,0,0.1795953810779763,0
19,4,2.25.103868781101960771917584077315578649178,0,0.21337040358789078,0,0.2471870580935748,0
22,4,2.25.105033841136787477881326326053319223817,0,0.4206066626300417,1,0.28774133025894,0
23,4,2.25.105033841136787477881326326053319223817,0,0.5712727613269584,1,0.3466843115283908,1
26,4,2.25.11175860580562939441493697221497597640,0,0.1289951521573269,0,0.1157792535754847,0
28,0,2.25.114887542067602662452692698814728642117,1,0.1245416294580306,1,0.4728960664194389,1
29,0,2.25.114887542067602662452692698814728642117,1,0.6608845024655168,1,0.2802567080654126,0
31,1,2.25.116822802042655971810859435524105064465,0,0.48324508517513926,1,0.2303141248466878,0
32,1,2.25.116822802042655971810859435524105064465,0,0.13283198696321008,1,0.3823123772243517,0
34,2,2.25.122446767306607067205618235949445789306,1,0.2867924319012769,0,0.3879206543147537,0
35,2,2.25.122446767306607067205618235949445789306,1,0.2130260398336338,0,0.205273388994538,0
39,3,2.25.124890633326693921702195356152595253940,0,0.4488497805112098,1,0.2281834615761097,0
40,3,2.25.124890633326693921702195356152595253940,0,0.18497208908657325,1,0.3257787045021882,0
42,1,2.25.126293418391331346694592071563510265596,0,0.09993313661473763,1,0.206682036921964,0
44,1,2.25.126293418391331346694592071563510265596,1,0.9974342581568929,1,0.7750857637637111,1
46,0,2.25.127126130998341190348103034690069487890,1,0.5081545489310793,1,0.6577205238947228,1
47,0,2.25.127126130998341190348103034690069487890,1,0.06750061285219991,0,0.3181004593290905,1
51,2,2.25.128990540359421489042453547244535073735,1,0.11510535446567402,0,0.3616476726623176,0
53,2,2.25.128990540359421489042453547244535073735,1,0.15282196605089743,0,0.4893463022077451,1
54,3,2.25.129239680100193368599713239115902740628,1,0.8983918957853311,1,0.6420151809960787,1
55,4,2.25.13069823278093578548407087310307113784,0,0.6897855481402094,1,0.4301333082865555,1
57,4,2.25.13069823278093578548407087310307113784,0,0.9090715131831362,1,0.8157877456107157,1
58,1,2.25.132083163398091874662674590622589534350,0,0.8113635211587915,1,0.7124165248660921,1
60,1,2.25.132083163398091874662674590622589534350,0,0.639555860389891,1,0.6830018220838546,1
61,0,2.25.132272637351979990811754009849547633391,0,0.030370680826964407,0,0.3272535518699652,1
62,0,2.25.132272637351979990811754009849547633391,0,0.047899784045166205,0,0.1914185982221411,0
65,0,2.25.13325817932854000792938662637654885530,0,0.8350983489132926,1,0.2000923543928676,0
66,0,2.25.13325817932854000792938662637654885530,0,0.18348382767690866,1,0.3240574376876715,1
67,2,2.25.134456506307367483341018281460841912845,0,0.31047598017105027,0,0.3262740734243896,0
69,2,2.25.134456506307367483341018281460841912845,0,0.04756536427380097,0,0.1020351818360221,0
70,3,2.25.135241889065705954191821710363605596815,0,0.10479282714977546,0,0.3689295455030847,1
74,4,2.25.137344827330550141320158285144101816664,0,0.22603198629637944,0,0.1873833702929868,0
75,4,2.25.137344827330550141320158285144101816664,0,0.22385538877079442,0,0.2707028549179065,0
78,2,2.25.13983650679559142983913935144968795415,0,0.2547839617841779,0,0.1484348247119866,0
79,2,2.25.13983650679559142983913935144968795415,0,0.013694593914324472,0,0.2059064712041789,0
80,0,2.25.144941557565802351596730914409170713112,0,0.35465342027517766,1,0.2384391569106463,0
81,0,2.25.144941557565802351596730914409170713112,1,0.18581563277101193,1,0.3866087581265232,1
83,0,2.25.145848300160680194368420189079847088556,0,0.33792954937830527,1,0.2798357034761421,0
84,0,2.25.145848300160680194368420189079847088556,1,0.21804095619166897,1,0.5343386896622035,1
87,1,2.25.151186844055172005615813066162721550889,0,0.23372829971881315,1,0.3137623372189697,0
88,1,2.25.151186844055172005615813066162721550889,0,0.24633770271533303,1,0.5467023539731685,1
90,2,2.25.156021661584944120526934974594604520993,0,0.09282758045275187,0,0.2130561883884732,0
91,2,2.25.156021661584944120526934974594604520993,0,0.23785788684586773,0,0.081417987857706,0
92,3,2.25.156375884487675936513403083218009333856,0,0.09511298523732926,0,0.3074060142861834,0
94,3,2.25.156375884487675936513403083218009333856,0,0.16263213951258682,1,0.4524146395503637,1
95,3,2.25.156389075510671877606923458507011517218,0,0.42898901240747317,1,0.3001578521331148,0
96,3,2.25.156389075510671877606923458507011517218,0,0.18951071714849005,1,0.2469901156813707,0
99,3,2.25.157462338378550185821790046400986801350,1,0.392695113819931,1,0.3478892064891341,1
100,3,2.25.157462338378550185821790046400986801350,1,0.22783790143558458,1,0.3274223532005372,0
102,4,2.25.158646777318759504110695916200521633609,0,0.07790824359899665,0,0.0906555775375491,0
104,4,2.25.158646777318759504110695916200521633609,0,0.031644316540887125,0,0.088184614727098,0
106,0,2.25.164566280810634620154538016595892212884,1,0.7182282332172516,1,0.6671226717928717,1
108,0,2.25.164566280810634620154538016595892212884,0,0.1954940142835327,1,0.3984359550923766,1
109,1,2.25.165091430504580219034019815337441064349,0,0.14827898832568476,1,0.256035454780986,0
110,1,2.25.165091430504580219034019815337441064349,1,0.12787129465222044,1,0.1718881703059271,0
112,3,2.25.165355673991587715046346525964554729786,0,0.3276919670671762,1,0.370837820120246,1
114,2,2.25.167344201679287285499405412654740659745,0,0.7703348241307345,1,0.2927276510531673,0
115,2,2.25.167344201679287285499405412654740659745,0,0.16037800242078826,0,0.3113451325404852,0
118,4,2.25.16773626720107440979805052259711419763,0,0.10010267595009759,0,0.1335395835600112,0
119,4,2.25.16773626720107440979805052259711419763,0,0.30735320634684526,0,0.1709358310692629,0
120,4,2.25.168317503020329569414190677927680518621,0,0.10997069057622072,0,0.1534075598372249,0
122,4,2.25.168317503020329569414190677927680518621,0,0.11304866664577037,0,0.1588595735716247,0
125,0,2.25.172445998420765569384934552191547932566,0,0.11243258489033132,0,0.2628698455965828,0
126,0,2.25.172445998420765569384934552191547932566,0,0.029053152794272268,0,0.1864038712070926,0
128,4,2.25.173731186748227489808861376513577450951,0,0.5526064502746493,1,0.5327828344363411,1
129,1,2.25.173753313169335820519632380691065649420,0,0.6545042494513997,1,0.4509242781501145,1
131,1,2.25.173753313169335820519632380691065649420,0,0.6752059555162131,1,0.4781642538569275,1
132,3,2.25.175881661753775295785039265792986971602,0,0.1557758897129298,1,0.2894668221812306,0
134,3,2.25.175881661753775295785039265792986971602,0,0.2935144246493975,1,0.2818836389987524,0
136,0,2.25.175903805423871105435148927871625232853,0,0.12978625166200997,1,0.0558445318279466,0
137,0,2.25.175903805423871105435148927871625232853,0,0.09566502645700697,0,0.1932725682083075,0
138,1,2.25.17706555930735581384953296958427669848,0,0.8770487938117721,1,0.4629200470831289,1
140,1,2.25.17706555930735581384953296958427669848,0,0.2664055575454608,1,0.3852343877804705,0
141,2,2.25.177745077805190810016231350557005569203,0,0.06648631080741726,0,0.8285235733772289,1
143,2,2.25.177745077805190810016231350557005569203,0,0.020741517624215312,0,0.6331713202472914,1
145,4,2.25.181196659018348153828200695057897449628,0,0.1679436974987119,0,0.1311381031156013,0
146,4,2.25.181196659018348153828200695057897449628,0,0.21391255678699098,0,0.1467294899973715,0
149,0,2.25.184198356665635336833172191504278054074,0,0.35619038155241267,1,0.1603377366599569,0
150,0,2.25.184198356665635336833172191504278054074,0,0.45820112069268876,1,0.185350024249153,0
151,1,2.25.186201010600484120326273381077449377115,0,0.23566757362911003,1,0.2076844380331773,0
152,1,2.25.186201010600484120326273381077449377115,0,0.22005233525912887,1,0.1722829750424704,0
154,2,2.25.190331309633057244929837507901317950031,0,0.19404801809724834,0,0.3148879752613189,0
156,2,2.25.190331309633057244929837507901317950031,1,0.30453551225453634,0,0.5563944169545317,1
158,3,2.25.190807933410234695931591553323782771995,0,0.1755896098472139,1,0.2101425253603579,0
159,4,2.25.215177279960644564778148238928738915103,1,0.8131083026846012,1,0.1884009331875961,0
161,4,2.25.215177279960644564778148238928738915103,1,0.2988889910958157,0,0.1922055218344207,0
162,2,2.25.217397325224876728316360420804118329081,0,0.06514170574019068,0,0.2135185074585831,0
163,2,2.25.217397325224876728316360420804118329081,0,0.1305310549926609,0,0.2320967155356724,0
166,0,2.25.234651502352368356456298825489565282446,1,0.07677654983153796,0,0.7438522592446027,1
168,0,2.25.234651502352368356456298825489565282446,1,0.1219648092309785,1,0.7598564880031647,1
169,1,2.25.247714038039430659432048101646401574824,0,0.631140609732578,1,0.275728968624693,0
170,1,2.25.247714038039430659432048101646401574824,0,0.5489603729517335,1,0.3807016694270915,0
172,3,2.25.269648774413746842548908998641183395622,0,0.23927796900633122,1,0.3331382605580748,0
174,3,2.25.269648774413746842548908998641183395622,0,0.6046587244293864,1,0.4062532664792271,1
176,4,2.25.272690031744216183651627058502316132741,0,0.7300495916853887,1,0.1223972623070953,0
178,4,2.25.272690031744216183651627058502316132741,1,0.8266018839192002,1,0.2750467373986243,0
180,2,2.25.276415754443998872860614500027519740375,0,0.027983498466095116,0,0.2438025359764938,0
181,2,2.25.276415754443998872860614500027519740375,0,0.021529947334567038,0,0.1534174632194307,0
182,0,2.25.277752758923974029595977676354128739670,0,0.3880323877067637,1,0.1406381817761989,0
183,0,2.25.277752758923974029595977676354128739670,0,0.06190069314068864,0,0.1816757163459229,0
185,1,2.25.286999464611662854355201599068538813496,0,0.222195457216265,1,0.1406145265750935,0
187,1,2.25.286999464611662854355201599068538813496,0,0.08991691656440089,0,0.0966794087159688,0
188,3,2.25.29638026465755240167985424461715024381,0,0.09268233182044631,0,0.3296735017299669,0
190,3,2.25.29638026465755240167985424461715024381,0,0.3229069931368219,1,0.3626968254649381,1
193,3,2.25.307021710202910067378603383388989711646,0,0.2891725634096983,1,0.4613742954916613,1
194,3,2.25.307021710202910067378603383388989711646,0,0.3382582992494634,1,0.3878832649401054,1
196,4,2.25.309085571913348252136520206003694446566,0,0.17514511748722836,0,0.152313809263879,0
197,4,2.25.309085571913348252136520206003694446566,0,0.2109429749553442,0,0.2344461492794906,0
198,4,2.25.314147167453134440746270747484612743945,0,0.7691721492698611,1,0.2353080728689122,0
199,4,2.25.314147167453134440746270747484612743945,0,0.3525542692438433,0,0.213076935883277,0
203,2,2.25.339027809107632348165171236474821772940,0,0.05966934439594742,0,0.4430734899938215,0
205,2,2.25.339027809107632348165171236474821772940,0,0.20707322550878518,0,0.3911663925113451,0
206,0,2.25.340839477910528898406207279980417945,0,0.3599337105454715,1,0.2680326392425635,0
207,0,2.25.340839477910528898406207279980417945,0,0.1582985275927997,1,0.2509863741092994,0
210,1,2.25.37515662379281069436632838996073181551,0,0.13061660442837628,1,0.181139773712902,0
211,1,2.25.37515662379281069436632838996073181551,0,0.13774169373835207,1,0.2781483147020389,0
212,3,2.25.39068163399801173920284179500049527111,1,0.3688158093980187,1,0.8459042575512997,1
213,3,2.25.39068163399801173920284179500049527111,1,0.7976384710456189,1,0.7000395396666409,1
215,4,2.25.48906424954135283790354958243772558962,1,0.459409585377545,1,0.4739034487137468,1
216,4,2.25.48906424954135283790354958243772558962,1,0.36373588676981017,0,0.3316184459620426,0
219,2,2.25.52982400970721161435951723390541696819,0,0.1647430463758282,0,0.228869747648302,0
220,2,2.25.52982400970721161435951723390541696819,0,0.21887653256021544,0,0.3030037724703892,0
224,2,2.25.65954778282254353457041255543338557112,0,0.40190932518199124,1,0.1356424055074443,0
225,2,2.25.65954778282254353457041255543338557112,0,0.2392358668930971,0,0.1968840137329736,0
227,0,2.25.66397484472966116002950503539482860450,1,0.9105542626214228,1,0.6661361369754105,1
228,0,2.25.66397484472966116002950503539482860450,1,0.2560753978570869,1,0.6749753528446782,1
230,0,2.25.73070100851377917031356937075051545239,1,0.46672932921774996,1,0.2983925128327086,0
231,0,2.25.73070100851377917031356937075051545239,1,0.5010637956706591,1,0.3715817177826184,1
233,1,2.25.76710355977373089612172037086913478687,0,0.37410416832438703,1,0.4269916421965423,1
235,1,2.25.76710355977373089612172037086913478687,0,0.09011069472254041,0,0.1943291140044711,0
236,3,2.25.78999454687125053757525542837745968726,1,0.5113442579654307,1,0.3904344867865553,1
237,3,2.25.78999454687125053757525542837745968726,1,0.5479081116324055,1,0.7017684320618677,1
239,2,2.25.82912555346523716720160717883917565880,0,0.582222348867937,1,0.23740968567,0
241,2,2.25.82912555346523716720160717883917565880,1,0.41386317380705795,1,0.6131240559943771,1
243,4,2.25.87869906212286587478854831452123526595,0,0.4609285699862567,1,0.118388996607834,0
245,4,2.25.87869906212286587478854831452123526595,0,0.12077827023303371,0,0.2341168329419395,0
246,1,2.25.91981043841368764114007975581101713077,0,0.22997040445051517,1,0.1726416601579016,0
247,1,2.25.91981043841368764114007975581101713077,0,0.057200836583347056,0,0.1538146358723268,0
